10,10,10,10,10,10,10,10,10,10,10,10,10,10,10,10,10,10,10,10,10,10,10,10,10,10,10,10,10,10,10,10,10,10,10,10,10,10,10,10,10,10,10,10,10,10,10,10,10,10,10,10,10,10,10,10,10,10,10,10,10,10,10,10,10,10,10,10,10,10,10,10,10,10,10,10,10,10,10,10,10,10,10,10,10,10,10,10,10,10,10,10,10,10,10,10,10,10,10,10,
0,5.00112,6.97876,7.90945,8.41948,8.73426,8.94629,9.09851,9.21306,9.30241,9.37409,9.4329,9.48203,9.52371,9.55953,9.59064,9.61791,9.64202,9.66348,9.6827,9.69999,9.71564,9.72984,9.74278,9.7546,9.76543,9.77537,9.78451,9.79292,9.80066,9.8078,9.81438,9.82044,9.82602,9.83115,9.83585,9.84015,9.84408,9.84764,9.85085,9.85374,9.8563,9.85856,9.86052,9.86218,9.86356,9.86465,9.86547,9.86601,9.86628,9.86628,9.86601,9.86547,9.86465,9.86356,9.86218,9.86052,9.85856,9.8563,9.85374,9.85085,9.84764,9.84408,9.84015,9.83585,9.83115,9.82602,9.82044,9.81438,9.8078,9.80066,9.79292,9.78451,9.77537,9.76543,9.7546,9.74278,9.72984,9.71564,9.69999,9.6827,9.66348,9.64202,9.61791,9.59064,9.55953,9.52371,9.48203,9.4329,9.37409,9.30241,9.21306,9.09851,8.94629,8.73426,8.41948,7.90945,6.97876,5.00112,0,
0,3.02571,5.00447,6.23954,7.03422,7.57127,7.9524,8.23468,8.45132,8.6225,8.76106,8.87546,8.97151,9.05329,9.12376,9.18511,9.239,9.2867,9.32921,9.36731,9.40164,9.43271,9.46094,9.48667,9.51019,9.53175,9.55154,9.56974,9.58649,9.60193,9.61617,9.62929,9.64137,9.6525,9.66272,9.67211,9.68069,9.68852,9.69562,9.70204,9.7078,9.71292,9.71742,9.72132,9.72464,9.72739,9.72958,9.73121,9.7323,9.73284,9.73284,9.7323,9.73121,9.72958,9.72739,9.72464,9.72132,9.71742,9.71292,9.7078,9.70204,9.69562,9.68852,9.68069,9.67211,9.66272,9.6525,9.64137,9.62929,9.61617,9.60194,9.5865,9.56974,9.55154,9.53175,9.51019,9.48667,9.46094,9.43271,9.40164,9.36731,9.32921,9.2867,9.239,9.18511,9.12376,9.05329,8.97151,8.87546,8.76106,8.6225,8.45132,8.23468,7.9524,7.57127,7.03422,6.23954,5.00447,3.02571,0,
0,2.09725,3.77385,5.01005,5.90658,6.5642,7.05737,7.4365,7.73502,7.97521,8.17217,8.33638,8.47526,8.59417,8.6971,8.78704,8.86627,8.93656,8.99934,9.0557,9.10655,9.15263,9.19454,9.23277,9.26775,9.29983,9.3293,9.35641,9.38139,9.40441,9.42564,9.44522,9.46326,9.47987,9.49514,9.50916,9.52198,9.53367,9.5443,9.55389,9.56249,9.57015,9.57688,9.58272,9.58768,9.59179,9.59506,9.5975,9.59913,9.59994,9.59994,9.59913,9.5975,9.59506,9.59179,9.58768,9.58272,9.57688,9.57015,9.56249,9.55389,9.5443,9.53367,9.52198,9.50916,9.49514,9.47987,9.46326,9.44522,9.42564,9.40441,9.38139,9.35641,9.3293,9.29983,9.26775,9.23277,9.19454,9.15263,9.10655,9.0557,8.99934,8.93657,8.86627,8.78704,8.69711,8.59418,8.47526,8.33638,8.17218,7.97521,7.73502,7.4365,7.05737,6.5642,5.90658,5.01005,3.77385,2.09725,0,
0,1.58945,2.98364,4.12021,5.01786,5.72158,6.27636,6.71893,7.07706,7.37115,7.61605,7.82264,7.99897,8.15105,8.28345,8.39968,8.50246,8.59396,8.67588,8.7496,8.81624,8.87672,8.93181,8.98213,9.02822,9.07052,9.10941,9.14523,9.17824,9.20869,9.23678,9.26269,9.28658,9.30858,9.32882,9.3474,9.3644,9.37991,9.394,9.40672,9.41814,9.4283,9.43723,9.44498,9.45157,9.45703,9.46137,9.46461,9.46677,9.46784,9.46784,9.46677,9.46461,9.46137,9.45703,9.45157,9.44498,9.43723,9.4283,9.41814,9.40672,9.394,9.37991,9.3644,9.3474,9.32882,9.30858,9.28658,9.26269,9.23678,9.20869,9.17824,9.14523,9.10941,9.07052,9.02822,8.98213,8.93181,8.87672,8.81624,8.7496,8.67588,8.59396,8.50246,8.39968,8.28345,8.15105,7.99897,7.82264,7.61605,7.37115,7.07707,6.71893,6.27636,5.72158,5.01786,4.12021,2.98364,1.58945,0,
0,1.2769,2.45106,3.46929,4.32307,5.02791,5.60756,6.0858,6.48315,6.81627,7.09823,7.33916,7.54692,7.7276,7.88597,8.02576,8.14995,8.26093,8.36061,8.45057,8.53208,8.60621,8.67384,8.73572,8.79247,8.84461,8.89261,8.93685,8.97765,9.01532,9.05009,9.08218,9.11178,9.13906,9.16416,9.18721,9.20831,9.22756,9.24506,9.26086,9.27505,9.28767,9.29878,9.30841,9.3166,9.32338,9.32878,9.33281,9.33549,9.33683,9.33683,9.33549,9.33281,9.32878,9.32338,9.3166,9.30841,9.29878,9.28767,9.27505,9.26087,9.24506,9.22756,9.20831,9.18721,9.16416,9.13906,9.11178,9.08218,9.05009,9.01532,8.97765,8.93685,8.89261,8.84461,8.79247,8.73572,8.67384,8.60621,8.53208,8.45057,8.36061,8.26093,8.14995,8.02576,7.88597,7.7276,7.54692,7.33916,7.09823,6.81627,6.48316,6.0858,5.60756,5.02791,4.32307,3.46929,2.45106,1.2769,0,
0,1.0671,2.07439,2.98282,3.77722,4.45942,5.04019,5.53354,5.95348,6.31256,6.62143,6.88885,7.12195,7.32647,7.50706,7.66744,7.81066,7.9392,8.05508,8.15999,8.2553,8.34219,8.42163,8.49444,8.56132,8.62286,8.67957,8.73189,8.78021,8.82484,8.86607,8.90416,8.93931,8.97172,9.00156,9.02896,9.05407,9.07698,9.09781,9.11663,9.13353,9.14856,9.16179,9.17327,9.18303,9.19112,9.19755,9.20236,9.20555,9.20715,9.20715,9.20555,9.20236,9.19755,9.19112,9.18303,9.17327,9.16179,9.14856,9.13353,9.11663,9.09781,9.07698,9.05407,9.02896,9.00156,8.97172,8.93931,8.90416,8.86608,8.82484,8.78021,8.73189,8.67957,8.62286,8.56132,8.49444,8.42163,8.34219,8.2553,8.15999,8.05508,7.9392,7.81066,7.66744,7.50706,7.32648,7.12195,6.88885,6.62143,6.31257,5.95348,5.53354,5.04019,4.45942,3.77722,2.98282,2.07439,1.0671,0,
0,0.91712,1.79658,2.61039,3.34358,3.99234,4.56023,5.0547,5.48467,5.85907,6.18608,6.47287,6.72556,6.94929,7.14834,7.32628,7.48605,7.63012,7.76053,7.87899,7.98695,8.08563,8.17605,8.25909,8.3355,8.40593,8.47092,8.53095,8.58645,8.63776,8.68521,8.72907,8.76958,8.80696,8.84138,8.87302,8.90201,8.92849,8.95256,8.97432,8.99386,9.01125,9.02656,9.03984,9.05114,9.0605,9.06795,9.07352,9.07722,9.07907,9.07907,9.07722,9.07352,9.06795,9.0605,9.05114,9.03984,9.02656,9.01125,8.99386,8.97432,8.95256,8.92849,8.90201,8.87302,8.84138,8.80696,8.76959,8.72907,8.68521,8.63776,8.58645,8.53095,8.47092,8.40593,8.3355,8.25909,8.17605,8.08563,7.98695,7.87899,7.76053,7.63012,7.48605,7.32628,7.14834,6.94929,6.72556,6.47287,6.18608,5.85907,5.48467,5.0547,4.56023,3.99234,3.34358,2.61039,1.79658,0.91712,0,
0,0.804803,1.58441,2.31856,2.99438,3.60615,4.15368,4.64035,5.07144,5.45297,5.79094,6.09098,6.35812,6.59678,6.81075,7.00328,7.17715,7.3347,7.47791,7.6085,7.72789,7.83732,7.93785,8.03037,8.11568,8.19443,8.26722,8.33455,8.39686,8.45455,8.50794,8.55733,8.60299,8.64515,8.684,8.71972,8.75248,8.7824,8.80962,8.83423,8.85634,8.87603,8.89336,8.9084,8.9212,8.9318,8.94024,8.94654,8.95074,8.95283,8.95283,8.95074,8.94654,8.94024,8.9318,8.9212,8.9084,8.89336,8.87603,8.85634,8.83423,8.80962,8.7824,8.75248,8.71972,8.684,8.64515,8.60299,8.55733,8.50794,8.45455,8.39687,8.33455,8.26722,8.19443,8.11568,8.03038,7.93785,7.83732,7.72789,7.6085,7.47792,7.3347,7.17715,7.00329,6.81075,6.59678,6.35812,6.09098,5.79094,5.45297,5.07144,4.64035,4.15368,3.60615,2.99438,2.31856,1.58441,0.804803,0,
0,0.717683,1.41769,2.08507,2.70923,3.28419,3.808,4.28158,4.70777,5.09041,5.43374,5.74199,6.01918,6.26895,6.49459,6.69896,6.88457,7.0536,7.20794,7.3492,7.47879,7.59792,7.70765,7.80888,7.9024,7.9889,8.06898,8.14316,8.21191,8.27563,8.33466,8.38933,8.43991,8.48664,8.52974,8.56939,8.60577,8.63902,8.66928,8.69665,8.72125,8.74316,8.76245,8.7792,8.79345,8.80526,8.81466,8.82168,8.82636,8.82869,8.82869,8.82636,8.82168,8.81466,8.80526,8.79345,8.7792,8.76245,8.74316,8.72125,8.69666,8.66928,8.63902,8.60577,8.56939,8.52974,8.48664,8.43991,8.38933,8.33466,8.27563,8.21191,8.14317,8.06898,7.9889,7.9024,7.80888,7.70765,7.59792,7.47879,7.3492,7.20794,7.0536,6.88457,6.69896,6.49459,6.26896,6.01918,5.74199,5.43374,5.09041,4.70777,4.28158,3.808,3.2842,2.70923,2.08507,1.41769,0.717683,0,
0,0.648238,1.2836,1.89481,2.47326,3.01341,3.51253,3.9702,4.38765,4.76717,5.11161,5.42407,5.70764,5.96527,6.19969,6.41339,6.60857,6.78721,6.95103,7.10157,7.24014,7.36793,7.48595,7.59509,7.69614,7.78979,7.87664,7.95722,8.03199,8.10138,8.16575,8.22542,8.28067,8.33176,8.37892,8.42233,8.46219,8.49864,8.53182,8.56185,8.58885,8.6129,8.63409,8.65249,8.66815,8.68112,8.69146,8.69918,8.70431,8.70688,8.70688,8.70431,8.69918,8.69146,8.68112,8.66815,8.65249,8.63409,8.6129,8.58885,8.56186,8.53182,8.49864,8.46219,8.42233,8.37892,8.33176,8.28067,8.22542,8.16575,8.10139,8.032,7.95722,7.87664,7.78979,7.69614,7.59509,7.48595,7.36793,7.24014,7.10157,6.95103,6.78721,6.60857,6.41339,6.1997,5.96527,5.70764,5.42407,5.11161,4.76717,4.38766,3.9702,3.51253,3.01341,2.47326,1.89481,1.2836,0.648238,0,
0,0.591668,1.17366,1.7373,2.27561,2.78364,3.2585,3.69904,4.10547,4.47901,4.82147,5.13504,5.42204,5.6848,5.92553,6.14633,6.34911,6.53562,6.70742,6.86589,7.01229,7.14771,7.27312,7.38939,7.49729,7.59748,7.69056,7.77707,7.85746,7.93217,8.00154,8.06592,8.1256,8.18082,8.23184,8.27884,8.32201,8.36152,8.39751,8.43009,8.4594,8.48551,8.50852,8.52851,8.54553,8.55963,8.57086,8.57926,8.58484,8.58763,8.58763,8.58484,8.57926,8.57086,8.55963,8.54553,8.52851,8.50853,8.48551,8.4594,8.43009,8.39751,8.36152,8.32202,8.27884,8.23184,8.18083,8.1256,8.06592,8.00154,7.93217,7.85747,7.77707,7.69057,7.59748,7.49729,7.3894,7.27312,7.14771,7.01229,6.86589,6.70742,6.53562,6.34912,6.14633,5.92553,5.6848,5.42205,5.13504,4.82147,4.47901,4.10548,3.69904,3.25851,2.78364,2.27561,1.7373,1.17367,0.591668,0,
0,0.54477,1.08209,1.60513,2.10822,2.58705,3.03881,3.46198,3.85619,4.22191,4.56022,4.87258,5.1607,5.42634,5.6713,5.89729,6.10594,6.29875,6.47712,6.6423,6.79541,6.93749,7.06944,7.19208,7.30614,7.41228,7.51107,7.60303,7.68863,7.76827,7.84233,7.91113,7.97497,8.0341,8.08877,8.13917,8.18551,8.22793,8.26659,8.30162,8.33313,8.36122,8.38599,8.4075,8.42582,8.44101,8.45311,8.46215,8.46817,8.47117,8.47117,8.46817,8.46215,8.45311,8.44101,8.42582,8.4075,8.38599,8.36122,8.33313,8.30162,8.26659,8.22793,8.18551,8.13918,8.08877,8.0341,7.97497,7.91113,7.84233,7.76827,7.68863,7.60303,7.51107,7.41228,7.30614,7.19208,7.06944,6.93749,6.79541,6.6423,6.47712,6.29876,6.10594,5.89729,5.6713,5.42634,5.1607,4.87258,4.56022,4.22191,3.8562,3.46198,3.03881,2.58705,2.10822,1.60513,1.08209,0.54477,0,
0,0.505324,1.00478,1.49292,1.96508,2.41755,2.84769,3.25389,3.63541,3.99223,4.32491,4.63437,4.92182,5.18857,5.43603,5.66558,5.87859,6.07634,6.26002,6.43076,6.58957,6.73739,6.87506,7.00334,7.12292,7.23442,7.3384,7.43536,7.52574,7.60996,7.68837,7.7613,7.82904,7.89185,7.94996,8.00358,8.05291,8.0981,8.13931,8.17666,8.21028,8.24026,8.2667,8.28968,8.30925,8.32548,8.33841,8.34807,8.3545,8.35771,8.35771,8.3545,8.34807,8.33841,8.32548,8.30925,8.28968,8.2667,8.24026,8.21028,8.17666,8.13931,8.0981,8.05291,8.00358,7.94996,7.89185,7.82904,7.7613,7.68837,7.60996,7.52575,7.43536,7.3384,7.23442,7.12292,7.00334,6.87506,6.73739,6.58958,6.43076,6.26002,6.07634,5.87859,5.66559,5.43603,5.18857,4.92182,4.63438,4.32491,3.99223,3.63541,3.25389,2.84769,2.41755,1.96508,1.49292,1.00478,0.505324,0,
0,0.471746,0.938785,1.3967,1.84162,2.27036,2.68052,3.07048,3.43931,3.7867,4.11281,4.41819,4.70363,4.9701,5.21866,5.45043,5.66651,5.86798,6.05587,6.23115,6.39473,6.54745,6.69007,6.8233,6.94778,7.06409,7.17275,7.27426,7.36903,7.45746,7.5399,7.61666,7.68804,7.75429,7.81564,7.87229,7.92444,7.97225,8.01588,8.05544,8.09106,8.12285,8.15088,8.17526,8.19602,8.21325,8.22697,8.23723,8.24406,8.24747,8.24747,8.24406,8.23723,8.22697,8.21325,8.19602,8.17526,8.15089,8.12285,8.09106,8.05544,8.01588,7.97226,7.92444,7.87229,7.81564,7.75429,7.68804,7.61667,7.5399,7.45746,7.36903,7.27426,7.17276,7.06409,6.94778,6.8233,6.69007,6.54745,6.39473,6.23115,6.05587,5.86798,5.66651,5.45043,5.21866,4.9701,4.70363,4.41819,4.11281,3.7867,3.43931,3.07048,2.68052,2.27036,1.84162,1.3967,0.938786,0.471746,0,
0,0.442873,0.881912,1.31348,1.73434,2.14176,2.53356,2.9082,3.26466,3.60244,3.92145,4.22194,4.50441,4.76953,5.01809,5.25097,5.46904,5.6732,5.86432,6.04324,6.21075,6.3676,6.51447,6.65201,6.78081,6.90139,7.01427,7.11989,7.21866,7.31095,7.3971,7.47742,7.55218,7.62163,7.68601,7.74551,7.80032,7.8506,7.8965,7.93816,7.97568,8.00918,8.03874,8.06444,8.08634,8.10452,8.119,8.12983,8.13703,8.14063,8.14063,8.13703,8.12983,8.119,8.10452,8.08634,8.06444,8.03874,8.00918,7.97568,7.93816,7.8965,7.8506,7.80032,7.74551,7.68601,7.62163,7.55218,7.47742,7.3971,7.31095,7.21866,7.11989,7.01428,6.9014,6.78081,6.65201,6.51448,6.3676,6.21076,6.04324,5.86432,5.6732,5.46904,5.25097,5.01809,4.76953,4.50441,4.22194,3.92145,3.60244,3.26466,2.9082,2.53356,2.14176,1.73435,1.31348,0.881912,0.442874,0,
0,0.417837,0.832503,1.24098,1.64052,2.02876,2.40377,2.76408,3.10868,3.43694,3.74861,4.04372,4.32254,4.58551,4.83322,5.0663,5.28547,5.49146,5.68498,5.86674,6.03744,6.19773,6.34821,6.48947,6.62204,6.74641,6.86305,6.97237,7.07477,7.17058,7.26013,7.34372,7.42162,7.49405,7.56125,7.62342,7.68072,7.73332,7.78138,7.82501,7.86433,7.89945,7.93045,7.95741,7.9804,7.99947,8.01468,8.02605,8.03362,8.0374,8.0374,8.03362,8.02605,8.01468,7.99947,7.9804,7.95741,7.93045,7.89945,7.86433,7.82501,7.78138,7.73333,7.68072,7.62342,7.56126,7.49405,7.42162,7.34373,7.26014,7.17058,7.07477,6.97238,6.86305,6.74642,6.62204,6.48947,6.34821,6.19773,6.03744,5.86675,5.68498,5.49146,5.28548,5.0663,4.83322,4.58552,4.32254,4.04372,3.74861,3.43694,3.10868,2.76409,2.40377,2.02876,1.64052,1.24098,0.832503,0.417837,0,
0,0.39597,0.789287,1.17741,1.55799,1.92898,2.28867,2.63569,2.96904,3.28804,3.59233,3.88179,4.15651,4.41677,4.66296,4.89555,5.1151,5.32218,5.51738,5.70131,5.87455,6.03765,6.19117,6.33561,6.47146,6.59917,6.71915,6.83179,6.93745,7.03646,7.12913,7.21573,7.29651,7.37171,7.44154,7.50618,7.56582,7.6206,7.67068,7.71617,7.75718,7.79383,7.8262,7.85435,7.87837,7.8983,7.91419,7.92608,7.93399,7.93794,7.93794,7.93399,7.92608,7.91419,7.8983,7.87837,7.85435,7.8262,7.79383,7.75719,7.71617,7.67068,7.6206,7.56582,7.50618,7.44154,7.37171,7.29651,7.21573,7.12913,7.03647,6.93745,6.83179,6.71915,6.59917,6.47147,6.33562,6.19117,6.03766,5.87455,5.70131,5.51739,5.32218,5.1151,4.89555,4.66296,4.41677,4.15652,3.88179,3.59233,3.28805,2.96904,2.6357,2.28867,1.92899,1.55799,1.17741,0.789287,0.39597,0,
0,0.376757,0.751268,1.12137,1.48505,1.84052,2.18625,2.52098,2.84375,3.15386,3.45088,3.73459,4.00495,4.2621,4.50629,4.73785,4.95719,5.16477,5.36107,5.54657,5.72178,5.88717,6.04321,6.19036,6.32903,6.45965,6.58258,6.69818,6.80679,6.9087,7.0042,7.09355,7.17699,7.25474,7.327,7.39396,7.45577,7.51259,7.56456,7.6118,7.65441,7.6925,7.72615,7.75544,7.78043,7.80117,7.81771,7.83008,7.83831,7.84243,7.84243,7.83832,7.83008,7.81771,7.80117,7.78043,7.75544,7.72615,7.6925,7.65441,7.6118,7.56456,7.51259,7.45577,7.39396,7.327,7.25474,7.17699,7.09355,7.0042,6.9087,6.80679,6.69819,6.58258,6.45965,6.32904,6.19036,6.04321,5.88717,5.72178,5.54658,5.36107,5.16478,4.9572,4.73785,4.50629,4.26211,4.00496,3.73459,3.45088,3.15386,2.84375,2.52098,2.18625,1.84052,1.48505,1.12137,0.751269,0.376758,0,
0,0.359791,0.717661,1.07175,1.42032,1.7618,2.09481,2.41822,2.7311,3.03277,3.32274,3.60073,3.86661,4.1204,4.36225,4.59236,4.81105,5.01865,5.21555,5.40214,5.57883,5.74603,5.90414,6.05356,6.19467,6.32781,6.45334,6.57158,6.68281,6.78734,6.88542,6.97728,7.06316,7.14326,7.21778,7.28687,7.35071,7.40943,7.46317,7.51205,7.55616,7.59561,7.63047,7.66082,7.68673,7.70823,7.72539,7.73822,7.74677,7.75103,7.75103,7.74677,7.73822,7.72539,7.70823,7.68673,7.66083,7.63047,7.59561,7.55616,7.51205,7.46318,7.40944,7.35071,7.28687,7.21778,7.14327,7.06316,6.97728,6.88542,6.78734,6.68282,6.57158,6.45334,6.32782,6.19467,6.05357,5.90415,5.74603,5.57883,5.40214,5.21555,5.01865,4.81105,4.59237,4.36225,4.12041,3.86661,3.60073,3.32274,3.03277,2.73111,2.41822,2.09481,1.7618,1.42032,1.07175,0.717662,0.359792,0,
0,0.344747,0.687834,1.02765,1.36268,1.69154,2.01299,2.32599,2.62968,2.92338,3.20659,3.47898,3.74035,3.99065,4.22993,4.45831,4.67599,4.88324,5.08033,5.2676,5.44537,5.61398,5.77377,5.92509,6.06826,6.20359,6.3314,6.45196,6.56556,6.67244,6.77284,6.867,6.95511,7.03738,7.11397,7.18505,7.25077,7.31126,7.36666,7.41706,7.46258,7.5033,7.53931,7.57066,7.59743,7.61966,7.63739,7.65066,7.65949,7.66391,7.66391,7.65949,7.65066,7.63739,7.61966,7.59743,7.57066,7.53931,7.5033,7.46258,7.41706,7.36666,7.31126,7.25077,7.18505,7.11397,7.03738,6.95512,6.867,6.77285,6.67244,6.56556,6.45197,6.3314,6.2036,6.06826,5.92509,5.77378,5.61398,5.44537,5.2676,5.08034,4.88324,4.676,4.45831,4.22993,3.99066,3.74035,3.47898,3.20659,2.92338,2.62968,2.32599,2.01299,1.69154,1.36268,1.02765,0.687835,0.344747,0,
0,0.331362,0.661278,0.988342,1.31122,1.62868,1.93962,2.24308,2.53825,2.82447,3.10126,3.36824,3.62517,3.87193,4.10851,4.33495,4.55138,4.75797,4.95495,5.14256,5.32106,5.49074,5.65188,5.80477,5.94968,6.08691,6.2167,6.33932,6.45501,6.56401,6.66652,6.76276,6.85291,6.93716,7.01567,7.08858,7.15605,7.21819,7.27513,7.32696,7.3738,7.41571,7.45279,7.48508,7.51266,7.53557,7.55385,7.56753,7.57664,7.58119,7.58119,7.57664,7.56753,7.55385,7.53557,7.51266,7.48509,7.45279,7.41571,7.3738,7.32696,7.27513,7.21819,7.15605,7.08858,7.01567,6.93716,6.85292,6.76276,6.66652,6.56401,6.45501,6.33932,6.2167,6.08691,5.94969,5.80477,5.65188,5.49074,5.32106,5.14256,4.95495,4.75797,4.55138,4.33495,4.10851,3.87194,3.62517,3.36824,3.10126,2.82448,2.53825,2.24308,1.93962,1.62868,1.31122,0.988342,0.661278,0.331362,0,
0,0.319422,0.637574,0.953218,1.26517,1.57234,1.87372,2.16845,2.45575,2.73502,3.00574,3.26754,3.52015,3.7634,3.99722,4.2216,4.43659,4.64232,4.83893,5.02662,5.20558,5.37604,5.53824,5.69242,5.8388,5.97765,6.10917,6.23361,6.35116,6.46206,6.56647,6.6646,6.75662,6.84269,6.92296,6.99757,7.06665,7.13032,7.18869,7.24187,7.28993,7.33297,7.37104,7.40423,7.43257,7.45612,7.47491,7.48898,7.49835,7.50303,7.50303,7.49835,7.48898,7.47491,7.45612,7.43257,7.40423,7.37105,7.33297,7.28993,7.24187,7.1887,7.13032,7.06665,6.99757,6.92296,6.84269,6.75662,6.66461,6.56648,6.46206,6.35117,6.23361,6.10917,5.97765,5.83881,5.69242,5.53824,5.37604,5.20558,5.02662,4.83894,4.64232,4.4366,4.2216,3.99722,3.76341,3.52015,3.26754,3.00574,2.73502,2.45575,2.16845,1.87373,1.57234,1.26517,0.953219,0.637575,0.319422,0,
0,0.308751,0.616378,0.921784,1.22392,1.52179,1.8145,2.10123,2.3813,2.6541,2.91914,3.17603,3.42449,3.66431,3.89537,4.11763,4.33108,4.53579,4.73185,4.9194,5.0986,5.26961,5.43263,5.58785,5.73547,5.8757,6.00873,6.13477,6.25399,6.36658,6.47271,6.57256,6.66628,6.75401,6.83591,6.91208,6.98266,7.04775,7.10746,7.16188,7.2111,7.25518,7.2942,7.32821,7.35727,7.38142,7.4007,7.41513,7.42474,7.42954,7.42954,7.42474,7.41513,7.4007,7.38142,7.35727,7.32821,7.2942,7.25518,7.2111,7.16189,7.10747,7.04776,6.98266,6.91208,6.83591,6.75402,6.66628,6.57257,6.47272,6.36658,6.25399,6.13477,6.00874,5.87571,5.73548,5.58785,5.43263,5.26961,5.0986,4.91941,4.73185,4.53579,4.33108,4.11763,3.89538,3.66431,3.42449,3.17603,2.91914,2.6541,2.3813,2.10124,1.8145,1.52179,1.22392,0.921785,0.616379,0.308751,0,
0,0.299203,0.597405,0.893624,1.18692,1.47639,1.76123,2.0407,2.31412,2.58094,2.84068,3.09296,3.33746,3.57397,3.80234,4.02246,4.23431,4.4379,4.63328,4.82054,4.99979,5.17117,5.33481,5.49088,5.63954,5.78096,5.9153,6.04274,6.16344,6.27755,6.38524,6.48665,6.58192,6.67119,6.75457,6.83219,6.90416,6.97057,7.03152,7.08711,7.13739,7.18246,7.22236,7.25715,7.28688,7.3116,7.33133,7.34611,7.35595,7.36086,7.36086,7.35595,7.34611,7.33133,7.3116,7.28688,7.25715,7.22236,7.18246,7.1374,7.08711,7.03153,6.97057,6.90416,6.83219,6.75457,6.67119,6.58192,6.48666,6.38525,6.27756,6.16344,6.04274,5.9153,5.78096,5.63954,5.49088,5.33481,5.17117,4.9998,4.82055,4.63329,4.4379,4.23431,4.02246,3.80234,3.57398,3.33747,3.09296,2.84069,2.58094,2.31412,2.0407,1.76124,1.4764,1.18692,0.893625,0.597405,0.299203,0,
0,0.290656,0.580414,0.868391,1.15374,1.43564,1.71335,1.98619,2.25354,2.51486,2.7697,3.01766,3.25843,3.49179,3.71754,3.93556,4.1458,4.34822,4.54283,4.72969,4.90887,5.08046,5.24457,5.40132,5.55084,5.69328,5.82877,5.95745,6.07947,6.19496,6.30405,6.40688,6.50357,6.59424,6.679,6.75795,6.83121,6.89885,6.96096,7.01763,7.06892,7.11489,7.15562,7.19114,7.22151,7.24676,7.26692,7.28202,7.29207,7.2971,7.2971,7.29207,7.28202,7.26692,7.24676,7.22151,7.19114,7.15562,7.1149,7.06892,7.01763,6.96096,6.89885,6.83121,6.75796,6.679,6.59424,6.50357,6.40688,6.30406,6.19496,6.07947,5.95746,5.82877,5.69328,5.55085,5.40132,5.24457,5.08046,4.90888,4.7297,4.54284,4.34822,4.1458,3.93557,3.71754,3.49179,3.25844,3.01766,2.7697,2.51486,2.25354,1.98619,1.71336,1.43564,1.15374,0.868392,0.580415,0.290657,0,
0,0.283008,0.565204,0.84579,1.12399,1.39908,1.67035,1.93718,2.19899,2.45527,2.70558,2.94954,3.18683,3.4172,3.64046,3.85646,4.06511,4.26634,4.46014,4.64653,4.82554,4.99723,5.16168,5.31898,5.46924,5.61256,5.74905,5.87883,6.00203,6.11876,6.22913,6.33325,6.43124,6.5232,6.60923,6.68942,6.76387,6.83265,6.89584,6.95352,7.00575,7.05259,7.09409,7.1303,7.16126,7.18701,7.20757,7.22297,7.23323,7.23835,7.23835,7.23323,7.22297,7.20757,7.18701,7.16126,7.1303,7.09409,7.05259,7.00575,6.95352,6.89584,6.83265,6.76387,6.68942,6.60923,6.5232,6.43124,6.33325,6.22913,6.11876,6.00204,5.87884,5.74905,5.61256,5.46924,5.31899,5.16168,4.99723,4.82554,4.64653,4.46015,4.26634,4.06511,3.85646,3.64047,3.41721,3.18683,2.94954,2.70558,2.45527,2.19899,1.93718,1.67035,1.39908,1.12399,0.845791,0.565205,0.283008,0,
0,0.276171,0.551605,0.825573,1.09737,1.36632,1.63179,1.89318,2.14997,2.40165,2.64782,2.88809,3.12215,3.34974,3.57065,3.78472,3.99182,4.19189,4.38487,4.57074,4.74952,4.92124,5.08594,5.2437,5.39457,5.53865,5.67603,5.80681,5.93107,6.04891,6.16044,6.26576,6.36494,6.45809,6.5453,6.62664,6.70219,6.77204,6.83624,6.89487,6.94797,6.99562,7.03784,7.0747,7.10622,7.13244,7.15338,7.16907,7.17952,7.18474,7.18474,7.17952,7.16907,7.15338,7.13244,7.10622,7.0747,7.03785,6.99562,6.94797,6.89487,6.83624,6.77204,6.70219,6.62664,6.5453,6.4581,6.36494,6.26576,6.16045,6.04892,5.93107,5.80681,5.67604,5.53866,5.39457,5.2437,5.08595,4.92124,4.74953,4.57075,4.38487,4.19189,3.99183,3.78472,3.57065,3.34974,3.12215,2.88809,2.64782,2.40166,2.14997,1.89319,1.63179,1.36632,1.09737,0.825574,0.551605,0.276172,0,
0,0.270073,0.539471,0.807527,1.07359,1.33705,1.5973,1.8538,2.10604,2.35356,2.59595,2.83284,3.06393,3.28895,3.50767,3.71993,3.92558,4.12453,4.3167,4.50205,4.68057,4.85227,5.01716,5.17528,5.3267,5.47145,5.60963,5.74129,5.86651,5.98539,6.09798,6.20439,6.30468,6.39893,6.48723,6.56964,6.64623,6.71707,6.78221,6.84173,6.89566,6.94406,6.98698,7.02444,7.05649,7.08315,7.10445,7.1204,7.13104,7.13635,7.13635,7.13104,7.12041,7.10445,7.08315,7.05649,7.02444,6.98698,6.94406,6.89566,6.84173,6.78222,6.71707,6.64623,6.56964,6.48723,6.39894,6.30468,6.20439,6.09799,5.98539,5.86652,5.74129,5.60963,5.47146,5.3267,5.17529,5.01716,4.85227,4.68058,4.50206,4.3167,4.12453,3.92559,3.71993,3.50767,3.28895,3.06393,2.83284,2.59595,2.35356,2.10604,1.8538,1.5973,1.33705,1.0736,0.807528,0.539471,0.270073,0,
0,0.26465,0.528678,0.791471,1.05243,1.31098,1.56657,1.81868,2.06683,2.3106,2.54957,2.78341,3.01179,3.23445,3.45117,3.66175,3.86605,4.06394,4.25534,4.44019,4.61845,4.7901,4.95514,5.11359,5.26548,5.41084,5.54973,5.6822,5.80832,5.92813,6.04171,6.14913,6.25045,6.34573,6.43505,6.51846,6.59602,6.66779,6.73382,6.79417,6.84888,6.898,6.94156,6.97959,7.01214,7.03922,7.06086,7.07707,7.08787,7.09327,7.09327,7.08787,7.07707,7.06086,7.03922,7.01214,6.97959,6.94156,6.898,6.84889,6.79417,6.73383,6.66779,6.59602,6.51846,6.43505,6.34574,6.25045,6.14914,6.04172,5.92814,5.80832,5.68221,5.54974,5.41084,5.26548,5.11359,4.95514,4.7901,4.61845,4.4402,4.25535,4.06395,3.86605,3.66175,3.45117,3.23445,3.01179,2.78341,2.54958,2.3106,2.06684,1.81868,1.56657,1.31098,1.05243,0.791472,0.528679,0.26465,0,
0,0.259848,0.519121,0.777249,1.03368,1.28787,1.53931,1.78751,2.03202,2.27243,2.50834,2.73942,2.96536,3.1859,3.40079,3.60985,3.81292,4.00985,4.20055,4.38493,4.56293,4.73454,4.89971,5.05845,5.21078,5.3567,5.49626,5.62948,5.75642,5.87711,5.99161,6.09998,6.20226,6.2985,6.38878,6.47312,6.5516,6.62425,6.69112,6.75226,6.8077,6.85749,6.90166,6.94024,6.97326,7.00073,7.02269,7.03915,7.05011,7.05559,7.05559,7.05011,7.03915,7.02269,7.00073,6.97326,6.94024,6.90166,6.85749,6.8077,6.75226,6.69112,6.62425,6.5516,6.47313,6.38878,6.29851,6.20226,6.09998,5.99162,5.87711,5.75642,5.62949,5.49626,5.35671,5.21078,5.05846,4.89971,4.73454,4.56294,4.38493,4.20055,4.00985,3.81292,3.60986,3.4008,3.1859,2.96536,2.73942,2.50834,2.27243,2.03202,1.78751,1.53931,1.28787,1.03368,0.77725,0.519121,0.259848,0,
0,0.255622,0.510707,0.764728,1.01716,1.26751,1.51529,1.76003,2.00132,2.23874,2.47194,2.70057,2.92434,3.14298,3.35625,3.56396,3.76592,3.96199,4.15206,4.33603,4.51383,4.6854,4.85071,5.00974,5.16248,5.30893,5.44912,5.58305,5.71076,5.83228,5.94765,6.05691,6.16009,6.25725,6.34843,6.43366,6.513,6.58648,6.65415,6.71603,6.77217,6.8226,6.86735,6.90645,6.93991,6.96777,6.99003,7.00671,7.01783,7.02339,7.02339,7.01783,7.00671,6.99003,6.96777,6.93991,6.90645,6.86735,6.82261,6.77218,6.71604,6.65415,6.58649,6.513,6.43367,6.34843,6.25726,6.1601,6.05691,5.94765,5.83228,5.71076,5.58305,5.44912,5.30894,5.16248,5.00974,4.85071,4.6854,4.51383,4.33603,4.15207,3.962,3.76592,3.56396,3.35626,3.14299,2.92435,2.70058,2.47194,2.23875,2.00132,1.76003,1.51529,1.26751,1.01716,0.764729,0.510708,0.255622,0,
0,0.251931,0.50336,0.753791,1.00274,1.24972,1.49429,1.73601,1.97447,2.20929,2.4401,2.66659,2.88846,3.10544,3.31729,3.5238,3.72481,3.92014,4.10968,4.29331,4.47095,4.64253,4.80799,4.96731,5.12047,5.26744,5.40822,5.54284,5.67129,5.7936,5.9098,6.01991,6.12396,6.22198,6.31402,6.4001,6.48026,6.55454,6.62296,6.68555,6.74236,6.7934,6.8387,6.87829,6.91218,6.94039,6.96295,6.97985,6.99111,6.99675,6.99675,6.99111,6.97985,6.96295,6.94039,6.91218,6.87829,6.8387,6.7934,6.74236,6.68556,6.62296,6.55454,6.48027,6.40011,6.31402,6.22199,6.12396,6.01991,5.9098,5.79361,5.67129,5.54284,5.40823,5.26744,5.12047,4.96732,4.808,4.64253,4.47095,4.29331,4.10968,3.92014,3.72481,3.52381,3.31729,3.10544,2.88846,2.6666,2.44011,2.20929,1.97448,1.73602,1.49429,1.24972,1.00274,0.753792,0.503361,0.251931,0,
0,0.248742,0.497011,0.74434,0.990269,1.23435,1.47615,1.71526,1.95127,2.18384,2.41259,2.63723,2.85746,3.07301,3.28365,3.48916,3.68936,3.88409,4.0732,4.25658,4.43413,4.60576,4.77142,4.93106,5.08463,5.23212,5.37351,5.50879,5.63796,5.76104,5.87804,5.98896,6.09385,6.19271,6.28557,6.37246,6.45341,6.52845,6.59759,6.66087,6.71831,6.76993,6.81576,6.85582,6.89012,6.91868,6.94151,6.95863,6.97003,6.97573,6.97573,6.97003,6.95863,6.94151,6.91868,6.89012,6.85582,6.81577,6.76994,6.71831,6.66087,6.59759,6.52845,6.45342,6.37247,6.28557,6.19271,6.09385,5.98897,5.87804,5.76104,5.63797,5.50879,5.37351,5.23213,5.08464,4.93106,4.77143,4.60577,4.43413,4.25658,4.0732,3.88409,3.68937,3.48917,3.28365,3.07302,2.85747,2.63724,2.4126,2.18384,1.95128,1.71526,1.47615,1.23435,0.990271,0.744341,0.497012,0.248742,0,
0,0.246025,0.491602,0.73629,0.979651,1.22126,1.4607,1.69759,1.93153,2.16218,2.38921,2.61229,2.83114,3.04551,3.25514,3.45984,3.65939,3.85365,4.04245,4.22568,4.40322,4.57498,4.74088,4.90087,5.05489,5.20291,5.3449,5.48084,5.61073,5.73456,5.85234,5.96407,6.06976,6.16943,6.26309,6.35077,6.43248,6.50824,6.57809,6.64202,6.70007,6.75226,6.7986,6.83911,6.87381,6.9027,6.9258,6.94311,6.95465,6.96042,6.96042,6.95465,6.94311,6.9258,6.9027,6.87381,6.83911,6.7986,6.75226,6.70008,6.64202,6.57809,6.50825,6.43248,6.35077,6.26309,6.16943,6.06976,5.96407,5.85234,5.73457,5.61074,5.48085,5.3449,5.20291,5.05489,4.90087,4.74088,4.57498,4.40322,4.22568,4.04246,3.85365,3.6594,3.45984,3.25515,3.04551,2.83115,2.61229,2.38921,2.16219,1.93153,1.69759,1.46071,1.22126,0.979652,0.736291,0.491603,0.246025,0,
0,0.243755,0.487084,0.729566,0.970784,1.21033,1.44782,1.68286,1.91509,2.14416,2.36976,2.59157,2.80931,3.02273,3.23158,3.43564,3.63473,3.82866,4.01729,4.20047,4.37809,4.55005,4.71625,4.87664,5.03114,5.17972,5.32234,5.45896,5.58956,5.71414,5.83269,5.94521,6.05169,6.15215,6.2466,6.33504,6.41749,6.49397,6.56449,6.62906,6.68771,6.74044,6.78727,6.82822,6.86329,6.89251,6.91586,6.93338,6.94505,6.95088,6.95088,6.94505,6.93338,6.91586,6.89251,6.8633,6.82822,6.78727,6.74044,6.68771,6.62906,6.56449,6.49397,6.41749,6.33504,6.2466,6.15215,6.05169,5.94521,5.8327,5.71415,5.58957,5.45896,5.32234,5.17973,5.03115,4.87664,4.71626,4.55005,4.37809,4.20047,4.01729,3.82867,3.63473,3.43565,3.23158,3.02273,2.80932,2.59157,2.36976,2.14416,1.91509,1.68286,1.44782,1.21033,0.970785,0.729567,0.487084,0.243755,0,
0,0.24191,0.483413,0.724105,0.963588,1.20147,1.43737,1.67093,1.90179,2.12962,2.35409,2.57492,2.79181,3.00452,3.2128,3.41643,3.61522,3.80898,3.99756,4.18082,4.35862,4.53086,4.69745,4.85829,5.01333,5.1625,5.30577,5.44308,5.57442,5.69976,5.81908,5.93238,6.03965,6.14089,6.2361,6.3253,6.40848,6.48565,6.55683,6.62203,6.68125,6.73451,6.78183,6.8232,6.85865,6.88817,6.91178,6.92948,6.94128,6.94718,6.94718,6.94128,6.92948,6.91178,6.88817,6.85865,6.8232,6.78183,6.73452,6.68125,6.62203,6.55683,6.48565,6.40848,6.3253,6.23611,6.14089,6.03965,5.93238,5.81908,5.69976,5.57442,5.44308,5.30577,5.16251,5.01333,4.8583,4.69745,4.53087,4.35863,4.18082,3.99757,3.80899,3.61522,3.41643,3.2128,3.00452,2.79181,2.57492,2.3541,2.12962,1.90179,1.67093,1.43738,1.20147,0.963589,0.724106,0.483413,0.24191,0,
0,0.240472,0.480553,0.719853,0.957991,1.19459,1.42928,1.66171,1.89153,2.11843,2.34208,2.56219,2.7785,2.99073,3.19866,3.40206,3.60073,3.79449,3.98317,4.16662,4.34472,4.51734,4.68438,4.84575,5.00138,5.1512,5.29515,5.43318,5.56527,5.69138,5.81149,5.92558,6.03364,6.13566,6.23164,6.32157,6.40547,6.48333,6.55516,6.62097,6.68076,6.73454,6.78232,6.82411,6.85992,6.88975,6.9136,6.93149,6.94341,6.94937,6.94937,6.94341,6.93149,6.9136,6.88975,6.85992,6.82412,6.78233,6.73454,6.68076,6.62097,6.55516,6.48333,6.40547,6.32158,6.23164,6.13566,6.03364,5.92558,5.81149,5.69139,5.56528,5.43319,5.29515,5.1512,5.00138,4.84576,4.68438,4.51734,4.34472,4.16663,3.98317,3.79449,3.60073,3.40206,3.19866,2.99074,2.7785,2.5622,2.34208,2.11843,1.89154,1.66171,1.42928,1.19459,0.957992,0.719854,0.480553,0.240472,0,
0,0.239425,0.478472,0.716766,0.953934,1.18961,1.42345,1.65509,1.88421,2.11048,2.3336,2.55328,2.76925,2.98126,3.18905,3.39242,3.59115,3.78507,3.974,4.15779,4.33629,4.50939,4.67698,4.83896,4.99524,5.14575,5.29044,5.42924,5.56211,5.68901,5.80992,5.92481,6.03366,6.13647,6.23321,6.32389,6.4085,6.48704,6.55951,6.62592,6.68627,6.74057,6.78881,6.83101,6.86717,6.8973,6.92139,6.93946,6.9515,6.95752,6.95752,6.9515,6.93946,6.92139,6.8973,6.86717,6.83101,6.78881,6.74057,6.68628,6.62593,6.55952,6.48704,6.4085,6.32389,6.23321,6.13647,6.03367,5.92481,5.80992,5.68901,5.56211,5.42924,5.29044,5.14576,4.99524,4.83896,4.67699,4.5094,4.3363,4.15779,3.974,3.78508,3.59116,3.39242,3.18905,2.98126,2.76926,2.55329,2.3336,2.11048,1.88421,1.65509,1.42345,1.18961,0.953935,0.716767,0.478473,0.239425,0,
0,0.238756,0.477145,0.714803,0.951367,1.18648,1.4198,1.65099,1.87972,2.10568,2.32856,2.54809,2.76398,2.97599,3.18387,3.38741,3.5864,3.78064,3.96997,4.15423,4.33327,4.50696,4.67519,4.83786,4.99487,5.14614,5.29161,5.43122,5.56491,5.69263,5.81437,5.93008,6.03974,6.14334,6.24085,6.33227,6.4176,6.49682,6.56993,6.63694,6.69784,6.75264,6.80135,6.84395,6.88046,6.91088,6.93521,6.95345,6.96562,6.9717,6.9717,6.96562,6.95345,6.93521,6.91088,6.88046,6.84395,6.80135,6.75265,6.69785,6.63694,6.56993,6.49682,6.4176,6.33228,6.24085,6.14334,6.03974,5.93008,5.81437,5.69264,5.56491,5.43122,5.29162,5.14615,4.99487,4.83786,4.6752,4.50697,4.33327,4.15423,3.96998,3.78065,3.5864,3.38741,3.18387,2.97599,2.76398,2.54809,2.32857,2.10568,1.87973,1.651,1.41981,1.18648,0.951368,0.714804,0.477146,0.238757,0,
0,0.238455,0.476551,0.713933,0.950248,1.18515,1.4183,1.64936,1.87801,2.10395,2.32688,2.54652,2.76259,2.97484,3.18304,3.38695,3.58638,3.78113,3.97102,4.15589,4.33559,4.50999,4.67897,4.84242,5.00024,5.15234,5.29865,5.43911,5.57366,5.70225,5.82484,5.9414,6.05189,6.15629,6.25458,6.34676,6.4328,6.5127,6.58645,6.65406,6.71552,6.77082,6.81998,6.86298,6.89984,6.93055,6.95511,6.97353,6.98581,6.99195,6.99195,6.98581,6.97353,6.95511,6.93055,6.89984,6.86298,6.81998,6.77082,6.71552,6.65406,6.58646,6.5127,6.4328,6.34676,6.25458,6.15629,6.05189,5.9414,5.82485,5.70226,5.57367,5.43912,5.29866,5.15234,5.00024,4.84242,4.67898,4.51,4.3356,4.1559,3.97102,3.78113,3.58639,3.38696,3.18304,2.97484,2.76259,2.54652,2.32689,2.10396,1.87802,1.64936,1.4183,1.18515,0.950249,0.713934,0.476552,0.238455,0,
0,0.238511,0.476671,0.71413,0.950543,1.18557,1.41887,1.65013,1.87902,2.10524,2.3285,2.54851,2.76502,2.97775,3.18648,3.39098,3.59105,3.78647,3.97709,4.16272,4.34322,4.51845,4.68828,4.8526,5.01132,5.16432,5.31155,5.45292,5.58838,5.71788,5.84135,5.95878,6.07012,6.17534,6.27443,6.36737,6.45414,6.53473,6.60913,6.67734,6.73934,6.79515,6.84476,6.88816,6.92536,6.95636,6.98116,6.99976,7.01215,7.01835,7.01835,7.01215,6.99976,6.98116,6.95636,6.92536,6.88816,6.84476,6.79515,6.73935,6.67734,6.60913,6.53473,6.45414,6.36737,6.27444,6.17535,6.07012,5.95878,5.84136,5.71788,5.58839,5.45293,5.31155,5.16433,5.01132,4.85261,4.68829,4.51845,4.34322,4.16272,3.97709,3.78648,3.59105,3.39099,3.18649,2.97776,2.76502,2.54852,2.3285,2.10524,1.87902,1.65013,1.41887,1.18557,0.950544,0.714131,0.476672,0.238511,0,
0,0.238919,0.477491,0.715374,0.952225,1.18771,1.42149,1.65326,1.88269,2.10949,2.33336,2.55402,2.77121,2.98467,3.19416,3.39946,3.60035,3.79663,3.98814,4.17468,4.35612,4.5323,4.7031,4.8684,5.0281,5.18209,5.3303,5.47265,5.60907,5.73951,5.86392,5.98225,6.09446,6.20054,6.30044,6.39416,6.48166,6.56295,6.638,6.70681,6.76937,6.82568,6.87574,6.91954,6.95709,6.98838,7.01341,7.03218,7.04469,7.05095,7.05095,7.04469,7.03218,7.01341,6.98838,6.95709,6.91955,6.87574,6.82569,6.76937,6.70681,6.638,6.56295,6.48166,6.39416,6.30044,6.20054,6.09447,5.98225,5.86392,5.73951,5.60907,5.47265,5.3303,5.1821,5.0281,4.86841,4.70311,4.53231,4.35612,4.17469,3.98814,3.79664,3.60035,3.39946,3.19416,2.98467,2.77121,2.55403,2.33337,2.1095,1.8827,1.65326,1.4215,1.18771,0.952226,0.715375,0.477492,0.238919,0,
0,0.239672,0.479002,0.717649,0.955275,1.19155,1.42614,1.65873,1.88901,2.11667,2.34143,2.56301,2.78113,2.99555,3.20603,3.41233,3.61425,3.81158,4.00414,4.19176,4.37427,4.55154,4.72342,4.88981,5.05058,5.20564,5.35491,5.4983,5.63574,5.76718,5.89256,6.01183,6.12495,6.2319,6.33264,6.42715,6.51541,6.5974,6.67311,6.74253,6.80565,6.86247,6.91298,6.95719,6.99507,7.02665,7.05191,7.07086,7.08349,7.0898,7.0898,7.08349,7.07086,7.05191,7.02665,6.99508,6.95719,6.91299,6.86247,6.80565,6.74253,6.67311,6.5974,6.51541,6.42715,6.33264,6.2319,6.12496,6.01183,5.89256,5.76718,5.63575,5.4983,5.35491,5.20565,5.05058,4.88981,4.72343,4.55154,4.37427,4.19176,4.00414,3.81158,3.61425,3.41234,3.20603,2.99556,2.78114,2.56301,2.34143,2.11667,1.88901,1.65873,1.42614,1.19155,0.955276,0.71765,0.479003,0.239673,0,
0,0.240768,0.481196,0.720945,0.959679,1.19707,1.43278,1.66651,1.89793,2.12675,2.35268,2.57544,2.79476,3.01039,3.22207,3.4296,3.63274,3.8313,4.02509,4.21393,4.39767,4.57615,4.74925,4.91682,5.07877,5.23499,5.3854,5.52989,5.66842,5.80091,5.9273,6.04755,6.16162,6.26947,6.37107,6.46639,6.55542,6.63813,6.71451,6.78454,6.84823,6.90557,6.95654,7.00114,7.03937,7.07124,7.09673,7.11585,7.1286,7.13497,7.13497,7.1286,7.11585,7.09673,7.07124,7.03938,7.00114,6.95654,6.90557,6.84824,6.78455,6.71451,6.63813,6.55542,6.4664,6.37107,6.26948,6.16163,6.04756,5.92731,5.80091,5.66842,5.5299,5.3854,5.235,5.07878,4.91683,4.74925,4.57616,4.39767,4.21394,4.02509,3.8313,3.63274,3.4296,3.22208,3.01039,2.79477,2.57545,2.35269,2.12676,1.89793,1.66651,1.43278,1.19707,0.95968,0.720946,0.481197,0.240769,0,
0,0.242204,0.484069,0.725256,0.965429,1.20426,1.44142,1.67659,1.90946,2.13973,2.36711,2.59132,2.81208,3.02915,3.24228,3.45124,3.65581,3.85579,4.05098,4.24121,4.42632,4.60616,4.78058,4.94947,5.1127,5.27017,5.42178,5.56746,5.70714,5.84073,5.96819,6.08947,6.20451,6.31329,6.41578,6.51193,6.60174,6.68519,6.76225,6.83291,6.89717,6.95502,7.00645,7.05146,7.09005,7.1222,7.14793,7.16722,7.18009,7.18652,7.18652,7.18009,7.16722,7.14793,7.1222,7.09005,7.05146,7.00646,6.95502,6.89718,6.83291,6.76225,6.68519,6.60175,6.51194,6.41578,6.3133,6.20452,6.08947,5.96819,5.84073,5.70714,5.56747,5.42179,5.27017,5.1127,4.94947,4.78059,4.60617,4.42633,4.24122,4.05098,3.85579,3.65581,3.45124,3.24229,3.02916,2.81209,2.59132,2.36711,2.13973,1.90946,1.67659,1.44142,1.20426,0.965431,0.725257,0.48407,0.242205,0,
0,0.24398,0.48762,0.73058,0.972524,1.21312,1.45204,1.68897,1.92359,2.1556,2.38471,2.61063,2.8331,3.05186,3.26666,3.47727,3.68347,3.88506,4.08183,4.27362,4.46025,4.64158,4.81746,4.98777,5.15238,5.31119,5.46411,5.61105,5.75193,5.88669,6.01526,6.13761,6.25367,6.36342,6.46681,6.56383,6.65444,6.73863,6.81638,6.88768,6.95253,7.0109,7.0628,7.10821,7.14715,7.17959,7.20555,7.22502,7.238,7.24449,7.24449,7.238,7.22502,7.20555,7.17959,7.14715,7.10821,7.0628,7.0109,6.95253,6.88769,6.81639,6.73863,6.65444,6.56383,6.46681,6.36342,6.25367,6.13761,6.01527,5.88669,5.75193,5.61105,5.46411,5.31119,5.15238,4.98777,4.81747,4.64159,4.46026,4.27362,4.08184,3.88506,3.68348,3.47728,3.26667,3.05187,2.83311,2.61064,2.38471,2.1556,1.92359,1.68897,1.45204,1.21312,0.972526,0.730581,0.487621,0.243981,0,
0,0.246097,0.491851,0.736921,0.980967,1.22366,1.46466,1.70365,1.94033,2.17437,2.40549,2.6334,2.85784,3.07853,3.29523,3.50771,3.71575,3.91913,4.11767,4.31118,4.49949,4.68245,4.85992,5.03176,5.19786,5.35811,5.51241,5.66068,5.80284,5.93883,6.06857,6.19203,6.30915,6.41989,6.52422,6.62212,6.71355,6.79851,6.87697,6.94892,7.01435,7.07325,7.12562,7.17145,7.21073,7.24347,7.26967,7.28931,7.30241,7.30896,7.30896,7.30241,7.28931,7.26967,7.24347,7.21073,7.17145,7.12562,7.07325,7.01435,6.94892,6.87697,6.79851,6.71356,6.62212,6.52423,6.41989,6.30915,6.19203,6.06858,5.93883,5.80285,5.66069,5.51242,5.35811,5.19786,5.03176,4.85992,4.68245,4.49949,4.31118,4.11768,3.91914,3.71576,3.50772,3.29524,3.07853,2.85784,2.63341,2.40549,2.17437,1.94033,1.70366,1.46466,1.22366,0.980969,0.736922,0.491852,0.246097,0,
0,0.248556,0.496766,0.744284,0.990768,1.23588,1.47929,1.72066,1.95969,2.19606,2.42948,2.65965,2.88631,3.10919,3.32803,3.5426,3.75268,3.95806,4.15854,4.35394,4.54408,4.72881,4.908,5.08149,5.24919,5.41097,5.56675,5.71643,5.85994,5.99721,6.12817,6.25278,6.371,6.48277,6.58807,6.68687,6.77915,6.86489,6.94407,7.01667,7.0827,7.14214,7.19498,7.24122,7.28086,7.3139,7.34033,7.36015,7.37337,7.37998,7.37998,7.37337,7.36015,7.34033,7.3139,7.28086,7.24122,7.19498,7.14214,7.0827,7.01668,6.94407,6.86489,6.77916,6.68688,6.58807,6.48277,6.371,6.25279,6.12818,5.99721,5.85994,5.71644,5.56675,5.41098,5.24919,5.0815,4.908,4.72882,4.54408,4.35394,4.15854,3.95807,3.75269,3.54261,3.32803,3.10919,2.88631,2.65966,2.42948,2.19607,1.95969,1.72066,1.47929,1.23588,0.990769,0.744285,0.496767,0.248557,0,
0,0.251362,0.502373,0.752682,1.00194,1.24981,1.49594,1.74002,1.98171,2.22071,2.45671,2.68942,2.91857,3.14387,3.36509,3.58198,3.79432,4.00189,4.20449,4.40194,4.59408,4.78073,4.96176,5.13703,5.30643,5.46985,5.62718,5.77835,5.92328,6.06189,6.19413,6.31994,6.43929,6.55212,6.65842,6.75815,6.85129,6.93783,7.01774,7.09101,7.15764,7.21762,7.27094,7.3176,7.3576,7.39093,7.4176,7.4376,7.45094,7.4576,7.4576,7.45094,7.4376,7.4176,7.39093,7.3576,7.3176,7.27094,7.21762,7.15764,7.09101,7.01774,6.93783,6.8513,6.75816,6.65842,6.55213,6.43929,6.31994,6.19413,6.06189,5.92328,5.77836,5.62719,5.46985,5.30644,5.13704,4.96176,4.78073,4.59408,4.40195,4.2045,4.00189,3.79432,3.58199,3.3651,3.14388,2.91857,2.68943,2.45671,2.22071,1.98172,1.74002,1.49595,1.24981,1.00194,0.752683,0.502374,0.251363,0,
0,0.25452,0.508682,0.762129,1.01451,1.26546,1.51466,1.76176,2.00643,2.24836,2.48723,2.72276,2.95466,3.18265,3.40649,3.62592,3.84072,4.05068,4.25559,4.45527,4.64955,4.83827,5.02128,5.19845,5.36966,5.5348,5.69379,5.84652,5.99293,6.13294,6.2665,6.39357,6.51408,6.62802,6.73534,6.83602,6.93004,7.01739,7.09804,7.17199,7.23923,7.29976,7.35356,7.40064,7.441,7.47463,7.50154,7.52172,7.53517,7.5419,7.5419,7.53517,7.52172,7.50154,7.47463,7.441,7.40065,7.35356,7.29976,7.23923,7.17199,7.09804,7.01739,6.93005,6.83602,6.73534,6.62802,6.51409,6.39357,6.26651,6.13294,5.99293,5.84652,5.69379,5.53481,5.36966,5.19845,5.02128,4.83827,4.64956,4.45528,4.2556,4.05068,3.84073,3.62592,3.40649,3.18265,2.95466,2.72276,2.48724,2.24836,2.00643,1.76176,1.51466,1.26547,1.01451,0.76213,0.508683,0.254521,0,
0,0.258037,0.515707,0.772646,1.02849,1.28288,1.53548,1.78592,2.03389,2.27906,2.5211,2.75973,2.99465,3.22559,3.45228,3.67449,3.89197,4.10452,4.31193,4.51401,4.71059,4.90151,5.08663,5.26582,5.43895,5.60592,5.76664,5.92101,6.06897,6.21045,6.34538,6.47374,6.59546,6.71053,6.8189,6.92055,7.01547,7.10364,7.18505,7.25968,7.32754,7.38862,7.44291,7.49041,7.53113,7.56506,7.5922,7.61256,7.62613,7.63292,7.63292,7.62613,7.61256,7.5922,7.56506,7.53113,7.49041,7.44291,7.38862,7.32754,7.25968,7.18505,7.10364,7.01547,6.92055,6.8189,6.71053,6.59547,6.47374,6.34539,6.21045,6.06897,5.92101,5.76664,5.60593,5.43896,5.26582,5.08664,4.90152,4.71059,4.51401,4.31193,4.10452,3.89198,3.67449,3.45228,3.22559,2.99465,2.75973,2.5211,2.27906,2.03389,1.78593,1.53548,1.28289,1.02849,0.772647,0.515708,0.258037,0,
0,0.26192,0.523463,0.784256,1.04393,1.30211,1.55844,1.81257,2.06416,2.31287,2.55839,2.8004,3.03862,3.27276,3.50257,3.72777,3.94816,4.1635,4.37359,4.57824,4.77729,4.97056,5.15793,5.33925,5.51441,5.6833,5.84583,6.00192,6.15149,6.29449,6.43085,6.56054,6.68351,6.79973,6.90917,7.01182,7.10765,7.19665,7.27882,7.35415,7.42263,7.48426,7.53904,7.58697,7.62805,7.66227,7.68966,7.71019,7.72388,7.73072,7.73072,7.72388,7.71019,7.68966,7.66228,7.62805,7.58697,7.53904,7.48426,7.42263,7.35415,7.27883,7.19666,7.10765,7.01182,6.90917,6.79973,6.68351,6.56054,6.43086,6.29449,6.1515,6.00192,5.84583,5.6833,5.51441,5.33925,5.15793,4.97057,4.77729,4.57825,4.37359,4.1635,3.94816,3.72778,3.50257,3.27277,3.03863,2.80041,2.55839,2.31287,2.06416,1.81257,1.55844,1.30211,1.04393,0.784257,0.523464,0.26192,0,
0,0.266179,0.531971,0.796989,1.06085,1.32318,1.5836,1.84176,2.0973,2.34988,2.59918,2.84488,3.08667,3.32429,3.55744,3.78589,4.00939,4.22772,4.44069,4.64809,4.84975,5.04553,5.23526,5.41884,5.59613,5.76703,5.93146,6.08934,6.24059,6.38516,6.523,6.65406,6.7783,6.8957,7.00624,7.1099,7.20665,7.29651,7.37945,7.45547,7.52457,7.58676,7.64202,7.69037,7.73181,7.76634,7.79395,7.81466,7.82847,7.83537,7.83537,7.82847,7.81466,7.79395,7.76634,7.73181,7.69038,7.64203,7.58676,7.52458,7.45547,7.37945,7.29651,7.20666,7.1099,7.00624,6.89571,6.7783,6.65406,6.523,6.38517,6.2406,6.08935,5.93147,5.76704,5.59613,5.41884,5.23527,5.04553,4.84976,4.64809,4.44069,4.22773,4.00939,3.78589,3.55744,3.32429,3.08668,2.84488,2.59918,2.34989,2.0973,1.84176,1.5836,1.32318,1.06085,0.79699,0.531972,0.26618,0,
0,0.270827,0.541253,0.810878,1.07931,1.34615,1.61103,1.87357,2.1334,2.39018,2.64357,2.89325,3.13891,3.38026,3.61703,3.84895,4.07579,4.29732,4.51334,4.72367,4.92811,5.12652,5.31877,5.50471,5.68423,5.85724,6.02366,6.18339,6.33638,6.48257,6.62192,6.75439,6.87993,6.99854,7.11019,7.21487,7.31257,7.40327,7.48699,7.56371,7.63343,7.69617,7.75192,7.8007,7.84249,7.87731,7.90516,7.92604,7.93997,7.94693,7.94693,7.93997,7.92604,7.90516,7.87731,7.84249,7.8007,7.75193,7.69617,7.63344,7.56371,7.48699,7.40328,7.31257,7.21488,7.1102,6.99855,6.87994,6.75439,6.62193,6.48258,6.33638,6.18339,6.02366,5.85725,5.68424,5.50471,5.31877,5.12653,4.92812,4.72367,4.51335,4.29733,4.07579,3.84895,3.61703,3.38026,3.13891,2.89325,2.64357,2.39018,2.1334,1.87357,1.61103,1.34615,1.07931,0.810879,0.541253,0.270827,0,
0,0.275875,0.551334,0.825963,1.09935,1.37109,1.6408,1.90807,2.17255,2.43387,2.69168,2.94564,3.19546,3.44082,3.68145,3.91709,4.14749,4.37243,4.59171,4.80512,5.0125,5.2137,5.40857,5.59699,5.77885,5.95406,6.12252,6.28418,6.43897,6.58683,6.72773,6.86163,6.98851,7.10835,7.22112,7.32683,7.42547,7.51703,7.60152,7.67893,7.74928,7.81257,7.86881,7.91799,7.96014,7.99525,8.02333,8.04439,8.05842,8.06544,8.06544,8.05842,8.04439,8.02333,7.99525,7.96014,7.918,7.86881,7.81258,7.74929,7.67894,7.60152,7.51703,7.42547,7.32684,7.22113,7.10835,6.98851,6.86164,6.72773,6.58683,6.43897,6.28418,6.12253,5.95406,5.77886,5.59699,5.40857,5.2137,5.01251,4.80512,4.59171,4.37244,4.1475,3.9171,3.68146,3.44082,3.19546,2.94565,2.69168,2.43387,2.17255,1.90808,1.6408,1.3711,1.09935,0.825964,0.551335,0.275876,0,
0,0.28134,0.562247,0.842289,1.12104,1.39808,1.67299,1.94538,2.21487,2.48106,2.74362,3.00219,3.25646,3.50611,3.75087,3.99047,4.22466,4.45321,4.67593,4.8926,5.10308,5.3072,5.50482,5.69583,5.88013,6.05761,6.2282,6.39184,6.54847,6.69805,6.84053,6.9759,7.10413,7.2252,7.33912,7.44587,7.54545,7.63786,7.72312,7.80123,7.8722,7.93603,7.99274,8.04233,8.08483,8.12022,8.14853,8.16975,8.1839,8.19097,8.19097,8.1839,8.16975,8.14853,8.12022,8.08483,8.04234,7.99274,7.93603,7.8722,7.80123,7.72313,7.63787,7.54545,7.44587,7.33912,7.22521,7.10413,6.97591,6.84054,6.69805,6.54848,6.39185,6.22821,6.05761,5.88013,5.69584,5.50483,5.3072,5.10308,4.89261,4.67593,4.45322,4.22466,3.99048,3.75088,3.50612,3.25646,3.00219,2.74362,2.48107,2.21487,1.94539,1.67299,1.39808,1.12104,0.84229,0.562248,0.281341,0,
0,0.287239,0.574025,0.859906,1.14444,1.42718,1.70771,1.9856,2.26046,2.5319,2.79954,3.06304,3.32207,3.5763,3.82546,4.06926,4.30746,4.53984,4.76618,4.98629,5.20001,5.40719,5.60769,5.8014,5.98821,6.16805,6.34084,6.50652,6.66504,6.81636,6.96046,7.09731,7.2269,7.34923,7.46428,7.57207,7.67259,7.76585,7.85188,7.93067,8.00224,8.06661,8.12378,8.17378,8.21661,8.25228,8.28081,8.30219,8.31645,8.32358,8.32358,8.31645,8.3022,8.28081,8.25228,8.21661,8.17378,8.12379,8.06661,8.00224,7.93067,7.85188,7.76586,7.67259,7.57207,7.46428,7.34923,7.22691,7.09731,6.96046,6.81636,6.66504,6.50652,6.34084,6.16805,5.98822,5.8014,5.60769,5.40719,5.20002,4.9863,4.76618,4.53984,4.30747,4.06926,3.82546,3.57631,3.32207,3.06305,2.79955,2.5319,2.26047,1.98561,1.70771,1.42718,1.14444,0.859907,0.574025,0.287239,0,
0,0.293591,0.586706,0.878873,1.16963,1.4585,1.74506,2.02886,2.30949,2.58653,2.85962,3.12837,3.39247,3.65157,3.90539,4.15365,4.3961,4.6325,4.86266,5.08637,5.30349,5.51386,5.71735,5.91385,6.10328,6.28554,6.46058,6.62835,6.7888,6.9419,7.08763,7.22598,7.35694,7.48052,7.59671,7.70553,7.80698,7.90109,7.98787,8.06733,8.13949,8.20438,8.26201,8.31239,8.35555,8.39149,8.42023,8.44177,8.45613,8.46331,8.46331,8.45613,8.44177,8.42023,8.39149,8.35555,8.31239,8.26201,8.20438,8.1395,8.06733,7.98787,7.90109,7.80699,7.70553,7.59671,7.48052,7.35695,7.22598,7.08763,6.9419,6.7888,6.62835,6.46059,6.28555,6.10328,5.91386,5.71735,5.51386,5.30349,5.08638,4.86266,4.6325,4.3961,4.15365,3.90539,3.65157,3.39247,3.12838,2.85962,2.58653,2.30949,2.02886,1.74506,1.45851,1.16963,0.878875,0.586707,0.293591,0,
0,0.300418,0.600336,0.899256,1.19669,1.49215,1.78517,2.07529,2.36208,2.64512,2.92401,3.19837,3.46785,3.73212,3.99088,4.24385,4.49077,4.73141,4.96557,5.19306,5.41372,5.6274,5.83399,6.03339,6.2255,6.41026,6.5876,6.7575,6.9199,7.0748,7.22218,7.36204,7.49437,7.6192,7.73652,7.84635,7.94873,8.04366,8.13117,8.21128,8.28402,8.34942,8.40748,8.45824,8.5017,8.5379,8.56684,8.58853,8.60299,8.61022,8.61022,8.60299,8.58853,8.56684,8.5379,8.5017,8.45824,8.40748,8.34942,8.28403,8.21129,8.13117,8.04366,7.94873,7.84636,7.73652,7.6192,7.49438,7.36204,7.22219,7.07481,6.91991,6.7575,6.58761,6.41026,6.2255,6.03339,5.834,5.62741,5.41372,5.19306,4.96557,4.73142,4.49077,4.24385,3.99089,3.73213,3.46786,3.19837,2.92401,2.64513,2.36209,2.0753,1.78517,1.49215,1.19669,0.899257,0.600337,0.300418,0,
0,0.307746,0.614963,0.921127,1.22572,1.52823,1.82817,2.12506,2.41844,2.70787,2.99293,3.27325,3.54845,3.81819,4.08217,4.3401,4.59172,4.83681,5.07515,5.30657,5.53092,5.74804,5.95784,6.16021,6.35508,6.54238,6.72208,6.89413,7.05852,7.21523,7.36426,7.50562,7.63932,7.76537,7.88381,7.99465,8.09792,8.19365,8.28187,8.36261,8.43591,8.50178,8.56026,8.61137,8.65513,8.69157,8.7207,8.74253,8.75708,8.76435,8.76436,8.75708,8.74253,8.7207,8.69157,8.65513,8.61137,8.56026,8.50178,8.43591,8.36261,8.28187,8.19365,8.09792,7.99465,7.88381,7.76538,7.63932,7.50562,7.36426,7.21523,7.05852,6.89413,6.72208,6.54239,6.35508,6.16021,5.95784,5.74805,5.53092,5.30658,5.07516,4.83681,4.59173,4.3401,4.08217,3.81819,3.54845,3.27325,2.99294,2.70787,2.41844,2.12506,1.82817,1.52823,1.22572,0.921128,0.614964,0.307746,0,
0,0.315602,0.630644,0.94457,1.25683,1.56689,1.87423,2.17834,2.47874,2.77497,3.06661,3.35324,3.6345,3.91002,4.1795,4.44265,4.69921,4.94895,5.19166,5.42717,5.65533,5.87601,6.08911,6.29453,6.49222,6.68212,6.8642,7.03843,7.20481,7.36333,7.51401,7.65686,7.7919,7.91917,8.03869,8.15051,8.25464,8.35115,8.44005,8.52139,8.59521,8.66153,8.7204,8.77184,8.81588,8.85254,8.88185,8.90381,8.91845,8.92577,8.92577,8.91845,8.90381,8.88185,8.85255,8.81588,8.77184,8.7204,8.66154,8.59521,8.52139,8.44005,8.35115,8.25465,8.15051,8.0387,7.91917,7.79191,7.65686,7.51401,7.36333,7.20481,7.03843,6.8642,6.68212,6.49223,6.29454,6.08911,5.87602,5.65533,5.42717,5.19166,4.94895,4.69921,4.44266,4.17951,3.91003,3.6345,3.35325,3.06661,2.77498,2.47874,2.17834,1.87423,1.56689,1.25683,0.944571,0.630645,0.315603,0,
0,0.324019,0.647442,0.969677,1.29014,1.60827,1.92351,2.23532,2.5432,2.84668,3.14529,3.43862,3.72627,4.0079,4.28317,4.5518,4.81352,5.06811,5.31537,5.55512,5.78722,6.01157,6.22805,6.43659,6.63715,6.82968,7.01416,7.19058,7.35895,7.51928,7.67159,7.8159,7.95227,8.08071,8.20129,8.31404,8.41901,8.51624,8.60579,8.68769,8.762,8.82875,8.88798,8.93972,8.98401,9.02088,9.05034,9.07243,9.08714,9.09449,9.09449,9.08714,9.07243,9.05035,9.02088,8.98401,8.93972,8.88798,8.82875,8.762,8.6877,8.60579,8.51625,8.41901,8.31404,8.20129,8.08072,7.95227,7.81591,7.67159,7.51928,7.35896,7.19059,7.01417,6.82969,6.63716,6.4366,6.22805,6.01157,5.78723,5.55512,5.31537,5.06811,4.81352,4.5518,4.28318,4.0079,3.72628,3.43862,3.14529,2.84668,2.54321,2.23532,1.92351,1.60827,1.29014,0.969679,0.647443,0.324019,0,
0,0.333031,0.665427,0.996555,1.3258,1.65254,1.97621,2.29623,2.61208,2.92325,3.22925,3.52967,3.82408,4.11213,4.39349,4.66785,4.93497,5.1946,5.44657,5.69071,5.92688,6.15498,6.37492,6.58665,6.79011,6.98529,7.17218,7.35079,7.52114,7.68325,7.83715,7.9829,8.12055,8.25013,8.37172,8.48536,8.59111,8.68903,8.77917,8.8616,8.93635,9.00348,9.06304,9.11505,9.15957,9.19662,9.22622,9.24841,9.26319,9.27058,9.27058,9.26319,9.24841,9.22622,9.19662,9.15957,9.11505,9.06304,9.00348,8.93635,8.8616,8.77918,8.68903,8.59111,8.48536,8.37172,8.25013,8.12055,7.98291,7.83716,7.68325,7.52114,7.3508,7.17219,6.9853,6.79011,6.58665,6.37493,6.15499,5.92689,5.69072,5.44658,5.19461,4.93497,4.66785,4.39349,4.11213,3.82408,3.52967,3.22926,2.92325,2.61208,2.29624,1.97621,1.65254,1.3258,0.996556,0.665427,0.333032,0,
0,0.34268,0.684679,1.02532,1.36394,1.69989,2.03256,2.36133,2.68564,3.00497,3.31881,3.62671,3.92825,4.22306,4.51079,4.79115,5.06389,5.32877,5.58562,5.83427,6.07462,6.30656,6.53002,6.74496,6.95135,7.14919,7.33849,7.51927,7.69156,7.85541,8.01088,8.15801,8.29688,8.42755,8.55009,8.66456,8.77104,8.86959,8.96028,9.04317,9.11832,9.18579,9.24563,9.29789,9.3426,9.3798,9.40952,9.43179,9.44663,9.45405,9.45405,9.44663,9.43179,9.40952,9.3798,9.3426,9.29789,9.24563,9.1858,9.11833,9.04317,8.96028,8.86959,8.77104,8.66456,8.55009,8.42755,8.29689,8.15802,8.01088,7.85542,7.69157,7.51927,7.33849,7.1492,6.95135,6.74496,6.53002,6.30656,6.07462,5.83428,5.58562,5.32877,5.06389,4.79116,4.51079,4.22306,3.92826,3.62671,3.31881,3.00497,2.68564,2.36133,2.03256,1.6999,1.36394,1.02532,0.684679,0.34268,0,
0,0.35301,0.705288,1.05611,1.40475,1.75054,2.09279,2.43088,2.76419,3.09218,3.41431,3.73012,4.03916,4.34106,4.63546,4.92208,5.20066,5.47097,5.73285,5.98615,6.23076,6.4666,6.69363,6.91181,7.12114,7.32164,7.51332,7.69623,7.87043,8.03597,8.19293,8.34139,8.48142,8.6131,8.73652,8.85176,8.95889,9.05801,9.14918,9.23248,9.30798,9.37574,9.43582,9.48826,9.53313,9.57045,9.60027,9.62261,9.6375,9.64493,9.64493,9.6375,9.62261,9.60027,9.57046,9.53313,9.48826,9.43582,9.37574,9.30798,9.23249,9.14919,9.05801,8.9589,8.85176,8.73652,8.6131,8.48142,8.34139,8.19294,8.03598,7.87043,7.69623,7.51332,7.32164,7.12115,6.91182,6.69364,6.46661,6.23076,5.98615,5.73285,5.47097,5.20066,4.92209,4.63547,4.34106,4.03916,3.73012,3.41431,3.09218,2.76419,2.43088,2.09279,1.75054,1.40476,1.05611,0.705289,0.353011,0,
0,0.364073,0.727356,1.08906,1.44843,1.80471,2.15719,2.50519,2.84807,3.18524,3.51614,3.84028,4.15722,4.46655,4.76793,5.06106,5.34569,5.62161,5.88866,6.14671,6.39567,6.63547,6.86609,7.08752,7.29978,7.50289,7.69691,7.8819,8.05794,8.22511,8.3835,8.5332,8.6743,8.80692,8.93113,9.04706,9.15477,9.25438,9.34596,9.4296,9.50538,9.57336,9.63363,9.68622,9.7312,9.76862,9.79851,9.82089,9.8358,9.84326,9.84326,9.83581,9.82089,9.79851,9.76862,9.73121,9.68622,9.63363,9.57337,9.50538,9.4296,9.34596,9.25438,9.15478,9.04706,8.93114,8.80692,8.67431,8.5332,8.3835,8.22511,8.05795,7.88191,7.69692,7.50289,7.29978,7.08753,6.8661,6.63548,6.39567,6.14671,5.88866,5.62161,5.34569,5.06106,4.76793,4.46655,4.15722,3.84028,3.51614,3.18524,2.84807,2.50519,2.15719,1.80471,1.44843,1.08907,0.727356,0.364074,0,
0,0.375927,0.750998,1.12436,1.49519,1.86269,2.22608,2.58463,2.93767,3.28456,3.62473,3.95766,4.28288,4.59999,4.90864,5.20853,5.49942,5.78112,6.05347,6.31636,6.56973,6.81352,7.04775,7.27241,7.48755,7.69324,7.88954,8.07653,8.25433,8.42303,8.58275,8.73359,8.87568,9.00913,9.13405,9.25056,9.35876,9.45877,9.55068,9.63458,9.71057,9.77872,9.8391,9.89179,9.93685,9.97431,10.0042,10.0266,10.0416,10.049,10.049,10.0416,10.0266,10.0042,9.97432,9.93685,9.8918,9.8391,9.77872,9.71057,9.63458,9.55068,9.45877,9.35877,9.25056,9.13405,9.00913,8.87568,8.73359,8.58275,8.42304,8.25434,8.07654,7.88954,7.69324,7.48756,7.27241,7.04775,6.81353,6.56973,6.31637,6.05347,5.78112,5.49943,5.20854,4.90864,4.59999,4.28288,3.95766,3.62473,3.28456,2.93767,2.58463,2.22608,1.86269,1.4952,1.12436,0.750998,0.375928,0,
0,0.388638,0.776344,1.1622,1.5453,1.92477,2.29979,2.66958,3.03341,3.3906,3.74056,4.08273,4.41665,4.74189,5.05811,5.36501,5.66236,5.94998,6.22774,6.49555,6.75335,7.00115,7.23896,7.46681,7.68479,7.89297,8.09146,8.28037,8.45982,8.62994,8.79087,8.94274,9.0857,9.21986,9.34538,9.46236,9.57095,9.67126,9.7634,9.84748,9.92359,9.99183,10.0523,10.105,10.1501,10.1876,10.2175,10.2399,10.2548,10.2623,10.2623,10.2548,10.2399,10.2175,10.1876,10.1501,10.105,10.0523,9.99183,9.92359,9.84748,9.7634,9.67126,9.57096,9.46237,9.34538,9.21987,9.0857,8.94275,8.79087,8.62994,8.45982,8.28037,8.09146,7.89297,7.68479,7.46682,7.23896,7.00116,6.75336,6.49555,6.22774,5.94998,5.66236,5.36501,5.05811,4.74189,4.41665,4.08274,3.74056,3.39061,3.03341,2.66958,2.2998,1.92477,1.5453,1.1622,0.776345,0.388638,0,
0,0.402281,0.803544,1.20278,1.59902,1.99131,2.37875,2.7605,3.13578,3.50389,3.86417,4.21607,4.55909,4.89282,5.21689,5.53103,5.83502,6.1287,6.41196,6.68473,6.94699,7.19877,7.44012,7.6711,7.89182,8.1024,8.30296,8.49365,8.67463,8.84604,9.00805,9.16082,9.3045,9.43925,9.56523,9.68257,9.79142,9.89192,9.98419,10.0683,10.1445,10.2127,10.2732,10.3259,10.3709,10.4083,10.4382,10.4606,10.4755,10.483,10.483,10.4755,10.4606,10.4382,10.4083,10.3709,10.3259,10.2732,10.2127,10.1445,10.0683,9.98419,9.89192,9.79143,9.68257,9.56523,9.43925,9.3045,9.16082,9.00806,8.84605,8.67463,8.49366,8.30296,8.1024,7.89182,7.6711,7.44012,7.19878,6.947,6.68473,6.41196,6.12871,5.83503,5.53104,5.21689,4.89282,4.5591,4.21608,3.86418,3.50389,3.13579,2.7605,2.37875,1.99131,1.59902,1.20278,0.803545,0.402282,0,
0,0.416943,0.832768,1.24638,1.65669,2.06269,2.46339,2.85788,3.24534,3.62499,3.99617,4.35829,4.71084,5.05339,5.38561,5.70721,6.018,6.31785,6.60666,6.88441,7.15112,7.40683,7.65164,7.88565,8.109,8.32184,8.52433,8.71666,8.89901,9.07155,9.23448,9.38798,9.53223,9.66742,9.79371,9.91127,10.0203,10.1208,10.2131,10.2972,10.3733,10.4415,10.5018,10.5544,10.5993,10.6367,10.6665,10.6888,10.7037,10.7111,10.7111,10.7037,10.6888,10.6665,10.6367,10.5993,10.5544,10.5018,10.4415,10.3733,10.2972,10.2131,10.1208,10.0203,9.91127,9.79371,9.66742,9.53224,9.38798,9.23448,9.07155,8.89901,8.71667,8.52434,8.32184,8.109,7.88565,7.65164,7.40684,7.15112,6.88442,6.60666,6.31785,6.01801,5.70721,5.38561,5.0534,4.71084,4.35829,3.99618,3.62499,3.24534,2.85788,2.46339,2.06269,1.65669,1.24638,0.832769,0.416943,0,
0,0.432721,0.864211,1.29326,1.71868,2.13936,2.55423,2.96231,3.36269,3.75457,4.13724,4.51008,4.87258,5.22431,5.56493,5.8942,6.21193,6.51802,6.81242,7.09515,7.36624,7.6258,7.87395,8.11086,8.33668,8.55162,8.75587,8.94966,9.13318,9.30667,9.47033,9.62438,9.76903,9.90448,10.0309,10.1485,10.2575,10.358,10.4501,10.5341,10.61,10.678,10.7382,10.7906,10.8354,10.8726,10.9023,10.9245,10.9393,10.9467,10.9467,10.9393,10.9245,10.9023,10.8726,10.8354,10.7906,10.7382,10.678,10.61,10.5341,10.4501,10.358,10.2575,10.1485,10.0309,9.90448,9.76904,9.62439,9.47034,9.30667,9.13319,8.94966,8.75588,8.55162,8.33668,8.11086,7.87396,7.6258,7.36624,7.09515,6.81243,6.51803,6.21194,5.8942,5.56494,5.22431,4.87258,4.51008,4.13724,3.75457,3.36269,2.96231,2.55423,2.13936,1.71869,1.29326,0.864212,0.432721,0,
0,0.44973,0.898097,1.34376,1.78542,2.22185,2.65187,3.07443,3.48854,3.89336,4.28813,4.67221,5.04508,5.40633,5.75562,6.09272,6.4175,6.72989,7.02987,7.3175,7.59289,7.85617,8.10752,8.34714,8.57525,8.79208,8.99789,9.19291,9.3774,9.55161,9.7158,9.87019,10.015,10.1506,10.277,10.3945,10.5032,10.6035,10.6954,10.7791,10.8547,10.9224,10.9823,11.0344,11.079,11.116,11.1455,11.1676,11.1823,11.1896,11.1896,11.1823,11.1676,11.1455,11.116,11.079,11.0344,10.9823,10.9224,10.8547,10.7791,10.6954,10.6035,10.5032,10.3945,10.277,10.1506,10.015,9.8702,9.7158,9.55162,9.3774,9.19291,8.99789,8.79209,8.57525,8.34715,8.10753,7.85618,7.59289,7.31751,7.02987,6.72989,6.41751,6.09273,5.75562,5.40633,5.04509,4.67221,4.28813,3.89336,3.48854,3.07443,2.65187,2.22185,1.78543,1.34376,0.898098,0.44973,0,
0,0.468101,0.934686,1.39827,1.8574,2.31073,2.75698,3.19498,3.62369,4.04219,4.4497,4.84555,5.22922,5.6003,5.95848,6.30357,6.63547,6.95415,7.25966,7.55211,7.83165,8.09848,8.35282,8.59494,8.8251,9.04358,9.25068,9.44669,9.63189,9.80659,9.97105,10.1256,10.2704,10.4057,10.5319,10.6491,10.7575,10.8574,10.9488,11.0321,11.1073,11.1746,11.2341,11.2859,11.3301,11.3668,11.3961,11.4181,11.4326,11.4399,11.4399,11.4326,11.4181,11.3961,11.3668,11.3301,11.2859,11.2341,11.1746,11.1073,11.0321,10.9488,10.8574,10.7575,10.6491,10.5319,10.4057,10.2704,10.1256,9.97105,9.80659,9.6319,9.44669,9.25068,9.04358,8.8251,8.59494,8.35283,8.09848,7.83165,7.55211,7.25967,6.95416,6.63548,6.30358,5.95848,5.6003,5.22923,4.84556,4.4497,4.0422,3.62369,3.19498,2.75698,2.31073,1.85741,1.39827,0.934686,0.468101,0,
0,0.487987,0.974279,1.45722,1.93519,2.4067,2.87034,3.32483,3.76905,4.20203,4.62293,5.03108,5.42596,5.80716,6.17444,6.52762,6.86666,7.19159,7.50252,7.79963,8.08312,8.35327,8.61035,8.85469,9.08662,9.30646,9.51456,9.71127,9.8969,10.0718,10.2363,10.3906,10.5351,10.6701,10.7958,10.9125,11.0203,11.1196,11.2105,11.2932,11.3678,11.4345,11.4935,11.5449,11.5887,11.6251,11.6541,11.6759,11.6903,11.6975,11.6975,11.6903,11.6759,11.6541,11.6251,11.5887,11.5449,11.4935,11.4346,11.3678,11.2932,11.2105,11.1196,11.0203,10.9125,10.7958,10.6701,10.5351,10.3906,10.2363,10.0718,9.8969,9.71127,9.51457,9.30647,9.08662,8.8547,8.61036,8.35327,8.08312,7.79963,7.50253,7.19159,6.86666,6.52762,6.17444,5.80717,5.42596,5.03108,4.62293,4.20203,3.76905,3.32483,2.87034,2.4067,1.93519,1.45722,0.97428,0.487987,0,
0,0.509567,1.01723,1.52112,2.01945,2.51054,2.99283,3.46495,3.92566,4.37393,4.8089,5.22989,5.63636,6.02797,6.40448,6.76581,7.11195,7.44303,7.75921,8.06075,8.34794,8.62111,8.88063,9.12687,9.36022,9.58109,9.78985,9.98691,10.1726,10.3474,10.5116,10.6655,10.8095,10.9438,11.0688,11.1847,11.2918,11.3903,11.4804,11.5623,11.6362,11.7023,11.7607,11.8115,11.8548,11.8908,11.9195,11.9409,11.9552,11.9624,11.9624,11.9552,11.9409,11.9195,11.8908,11.8548,11.8115,11.7607,11.7023,11.6362,11.5623,11.4804,11.3903,11.2918,11.1847,11.0688,10.9438,10.8095,10.6655,10.5116,10.3474,10.1726,9.98692,9.78986,9.58109,9.36022,9.12687,8.88063,8.62111,8.34794,8.06075,7.75921,7.44303,7.11196,6.76581,6.40448,6.02797,5.63636,5.22989,4.80891,4.37394,3.92566,3.46495,2.99284,2.51054,2.01945,1.52112,1.01723,0.509568,0,
0,0.533052,1.06395,1.59059,2.11095,2.62317,3.12551,3.61647,4.09471,4.55914,5.00887,5.4432,5.86163,6.26386,6.64971,7.01917,7.37232,7.70935,8.03055,8.33623,8.62678,8.90261,9.16418,9.41193,9.64632,9.8678,10.0768,10.2739,10.4594,10.6337,10.7972,10.9503,11.0934,11.2268,11.3508,11.4657,11.5718,11.6693,11.7584,11.8394,11.9125,11.9777,12.0354,12.0855,12.1283,12.1637,12.192,12.2132,12.2273,12.2343,12.2343,12.2273,12.2132,12.192,12.1637,12.1283,12.0855,12.0354,11.9777,11.9125,11.8394,11.7584,11.6693,11.5718,11.4657,11.3508,11.2268,11.0934,10.9503,10.7972,10.6337,10.4594,10.2739,10.0769,9.86781,9.64632,9.41193,9.16418,8.90262,8.62678,8.33623,8.03055,7.70936,7.37232,7.01917,6.64972,6.26386,5.86164,5.4432,5.00887,4.55915,4.09471,3.61647,3.12551,2.62317,2.11096,1.59059,1.06395,0.533053,0,
0,0.558692,1.11493,1.66633,2.21061,2.74566,3.26958,3.7807,4.27758,4.75906,5.22423,5.6724,6.10312,6.51613,6.91135,7.28884,7.6488,7.99153,8.31739,8.62683,8.92032,9.19839,9.46155,9.71034,9.94531,10.167,10.3758,10.5724,10.7572,10.9307,11.0932,11.2452,11.3871,11.5192,11.642,11.7556,11.8604,11.9567,12.0446,12.1245,12.1965,12.2608,12.3175,12.3669,12.409,12.4439,12.4717,12.4925,12.5064,12.5133,12.5133,12.5064,12.4925,12.4717,12.4439,12.409,12.3669,12.3175,12.2608,12.1965,12.1245,12.0446,11.9567,11.8604,11.7556,11.642,11.5192,11.3871,11.2452,11.0932,10.9307,10.7572,10.5724,10.3758,10.167,9.94531,9.71035,9.46155,9.19839,8.92033,8.62683,8.31739,7.99153,7.6488,7.28884,6.91135,6.51613,6.10312,5.6724,5.22423,4.75906,4.27758,3.7807,3.26958,2.74566,2.21061,1.66633,1.11493,0.558692,0,
0,0.586782,1.17076,1.74919,2.31949,2.87929,3.42646,3.95915,4.47584,4.97529,5.45658,5.91905,6.36231,6.78619,7.1907,7.57604,7.94252,8.29056,8.62066,8.93338,9.22931,9.50907,9.77329,10.0226,10.2576,10.4789,10.6871,10.8828,11.0664,11.2386,11.3997,11.5502,11.6905,11.8211,11.9422,12.0543,12.1575,12.2523,12.3389,12.4174,12.4882,12.5514,12.6071,12.6556,12.6969,12.7311,12.7584,12.7788,12.7924,12.7992,12.7992,12.7924,12.7788,12.7584,12.7311,12.6969,12.6556,12.6071,12.5514,12.4882,12.4174,12.3389,12.2523,12.1575,12.0543,11.9422,11.8211,11.6905,11.5502,11.3997,11.2386,11.0664,10.8828,10.6871,10.4789,10.2576,10.0226,9.77329,9.50907,9.22931,8.93338,8.62066,8.29056,7.94252,7.57604,7.1907,6.78619,6.36231,5.91905,5.45658,4.9753,4.47584,3.95916,3.42646,2.87929,2.3195,1.74919,1.17076,0.586782,0,
0,0.61768,1.23212,1.84017,2.43889,3.02556,3.59781,4.15362,4.69134,5.20969,5.70775,6.18492,6.64089,7.07561,7.48924,7.8821,8.25468,8.60753,8.94131,9.25671,9.55446,9.83529,10.0999,10.3491,10.5836,10.804,11.011,11.2052,11.3872,11.5575,11.7167,11.8653,12.0037,12.1323,12.2515,12.3617,12.4632,12.5562,12.6412,12.7182,12.7875,12.8494,12.904,12.9514,12.9918,13.0253,13.052,13.072,13.0852,13.0919,13.0919,13.0852,13.072,13.052,13.0253,12.9918,12.9514,12.904,12.8494,12.7875,12.7182,12.6412,12.5562,12.4632,12.3617,12.2515,12.1323,12.0037,11.8653,11.7167,11.5575,11.3872,11.2052,11.011,10.804,10.5836,10.3491,10.0999,9.83529,9.55446,9.25671,8.94131,8.60754,8.25468,7.88211,7.48924,7.07561,6.64089,6.18492,5.70775,5.20969,4.69134,4.15362,3.59781,3.02556,2.43889,1.84018,1.23212,0.617681,0,
0,0.65182,1.29987,1.9405,2.57032,3.18624,3.7856,4.36618,4.92621,5.46439,5.97981,6.47198,6.94071,7.38612,7.80853,8.20846,8.58656,8.94358,9.28034,9.5977,9.89652,10.1777,10.442,10.6904,10.9236,11.1425,11.3476,11.5397,11.7195,11.8876,12.0445,12.1907,12.3267,12.453,12.5699,12.6779,12.7772,12.8683,12.9513,13.0266,13.0943,13.1547,13.208,13.2543,13.2937,13.3263,13.3523,13.3718,13.3847,13.3912,13.3912,13.3847,13.3718,13.3523,13.3263,13.2937,13.2543,13.208,13.1547,13.0943,13.0266,12.9513,12.8683,12.7772,12.6779,12.5699,12.453,12.3267,12.1907,12.0445,11.8876,11.7195,11.5397,11.3476,11.1425,10.9236,10.6904,10.442,10.1777,9.89653,9.5977,9.28035,8.94358,8.58656,8.20846,7.80853,7.38612,6.94072,6.47198,5.97981,5.46439,4.92621,4.36618,3.7856,3.18624,2.57032,1.9405,1.29987,0.65182,0,
0,0.689729,1.37503,2.05165,2.71564,3.36348,3.99217,4.59928,5.18294,5.74183,6.27513,6.78248,7.26387,7.71963,8.1503,8.55664,8.93952,9.29989,9.63878,9.95722,10.2563,10.5369,10.8001,11.0469,11.2781,11.4946,11.6972,11.8867,12.0637,12.2289,12.3829,12.5262,12.6594,12.7829,12.8972,13.0027,13.0996,13.1884,13.2693,13.3426,13.4085,13.4672,13.519,13.564,13.6022,13.634,13.6592,13.6781,13.6907,13.6969,13.6969,13.6907,13.6781,13.6592,13.634,13.6022,13.564,13.519,13.4672,13.4085,13.3426,13.2693,13.1884,13.0996,13.0027,12.8972,12.7829,12.6594,12.5262,12.3829,12.2289,12.0637,11.8867,11.6972,11.4946,11.2781,11.0469,10.8001,10.5369,10.2563,9.95723,9.63878,9.29989,8.93952,8.55664,8.1503,7.71963,7.26387,6.78248,6.27513,5.74183,5.18294,4.59928,3.99217,3.36348,2.71564,2.05165,1.37503,0.68973,0,
0,0.732064,1.45888,2.17544,2.87711,3.55987,4.22033,4.85583,5.46444,6.04485,6.59641,7.11892,7.61266,8.07821,8.51641,8.92829,9.31497,9.67769,10.0177,10.3362,10.6344,10.9135,11.1746,11.4189,11.6473,11.8607,12.06,12.246,12.4196,12.5813,12.7319,12.8719,13.0018,13.1221,13.2334,13.3359,13.4301,13.5163,13.5948,13.6659,13.7298,13.7867,13.8368,13.8803,13.9174,13.9481,13.9725,13.9908,14.0029,14.009,14.009,14.0029,13.9908,13.9725,13.9481,13.9174,13.8803,13.8368,13.7867,13.7298,13.6659,13.5948,13.5163,13.4301,13.3359,13.2334,13.1221,13.0018,12.8719,12.7319,12.5813,12.4196,12.246,12.06,11.8607,11.6473,11.4189,11.1746,10.9135,10.6344,10.3362,10.0177,9.67769,9.31498,8.92829,8.51642,8.07822,7.61267,7.11893,6.59641,6.04486,5.46444,4.85583,4.22033,3.55987,2.87711,2.17544,1.45888,0.732064,0,
0,0.779641,1.553,2.3141,3.0575,3.77855,4.47344,5.13929,5.77412,6.37675,6.94672,7.48415,7.98965,8.46415,8.90885,9.32512,9.71441,10.0782,10.418,10.7354,11.0316,11.3081,11.5661,11.8068,12.0314,12.2408,12.436,12.6179,12.7873,12.945,13.0915,13.2276,13.3537,13.4705,13.5783,13.6775,13.7687,13.852,13.9278,13.9964,14.058,14.1129,14.1613,14.2032,14.2389,14.2684,14.292,14.3096,14.3212,14.3271,14.3271,14.3212,14.3096,14.292,14.2684,14.2389,14.2032,14.1613,14.1129,14.0581,13.9964,13.9278,13.852,13.7687,13.6775,13.5783,13.4705,13.3537,13.2276,13.0915,12.945,12.7873,12.6179,12.436,12.2408,12.0314,11.8068,11.5661,11.3081,11.0316,10.7354,10.418,10.0782,9.71441,9.32512,8.90885,8.46415,7.98965,7.48415,6.94672,6.37675,5.77412,5.13929,4.47344,3.77855,3.0575,2.3141,1.553,0.779641,0,
0,0.833499,1.65938,2.47045,3.26026,4.02339,4.75558,5.45377,6.11599,6.7413,7.32956,7.88132,8.39763,8.87989,9.32973,9.74893,10.1393,10.5027,10.8409,11.1557,11.4486,11.7211,11.9748,12.2109,12.4306,12.6351,12.8254,13.0023,13.1669,13.3197,13.4616,13.5932,13.7151,13.8277,13.9317,14.0273,14.115,14.1951,14.268,14.3339,14.3931,14.4457,14.4921,14.5323,14.5665,14.5948,14.6174,14.6342,14.6454,14.651,14.651,14.6454,14.6342,14.6174,14.5948,14.5665,14.5323,14.4921,14.4457,14.3931,14.3339,14.268,14.1951,14.115,14.0273,13.9317,13.8277,13.7151,13.5932,13.4616,13.3197,13.1669,13.0023,12.8254,12.6351,12.4306,12.2109,11.9748,11.7211,11.4486,11.1557,10.8409,10.5027,10.1393,9.74893,9.32973,8.87989,8.39763,7.88132,7.32956,6.7413,6.116,5.45377,4.75559,4.02339,3.26026,2.47045,1.65938,0.8335,0,
0,0.894973,1.78058,2.64806,3.48969,4.29916,5.07174,5.80421,6.49479,7.14289,7.7489,8.31394,8.83966,9.32803,9.78124,10.2015,10.5912,10.9524,11.2873,11.5978,11.8858,12.1531,12.4011,12.6313,12.8451,13.0436,13.228,13.3991,13.558,13.7054,13.8421,13.9686,14.0857,14.1938,14.2934,14.385,14.4689,14.5455,14.6152,14.6781,14.7346,14.7849,14.8291,14.8674,14.9,14.927,14.9485,14.9645,14.9752,14.9805,14.9805,14.9752,14.9645,14.9485,14.927,14.9,14.8674,14.8291,14.7849,14.7346,14.6781,14.6152,14.5455,14.4689,14.385,14.2934,14.1938,14.0857,13.9686,13.8421,13.7054,13.558,13.3992,13.228,13.0436,12.8451,12.6313,12.4011,12.1531,11.8858,11.5978,11.2873,10.9524,10.5912,10.2016,9.78125,9.32804,8.83966,8.31395,7.7489,7.14289,6.49479,5.80422,5.07174,4.29916,3.48969,2.64806,1.78059,0.894973,0,
0,0.965806,1.91992,2.85151,3.75127,4.61184,5.428,6.19655,6.91607,7.58658,8.20922,8.78589,9.31903,9.81135,10.2657,10.6848,11.0715,11.4285,11.758,12.0625,12.3439,12.6042,12.8451,13.0682,13.2749,13.4663,13.6438,13.8083,13.9607,14.1019,14.2326,14.3535,14.4652,14.5682,14.6631,14.7503,14.8301,14.9029,14.969,15.0288,15.0824,15.13,15.1719,15.2083,15.2391,15.2647,15.285,15.3002,15.3103,15.3154,15.3154,15.3103,15.3002,15.285,15.2647,15.2391,15.2083,15.1719,15.13,15.0824,15.0288,14.969,14.9029,14.8301,14.7503,14.6631,14.5682,14.4652,14.3535,14.2326,14.1019,13.9607,13.8083,13.6438,13.4663,13.2749,13.0682,12.8452,12.6042,12.3439,12.0625,11.758,11.4285,11.0715,10.6848,10.2657,9.81135,9.31904,8.78589,8.20922,7.58658,6.91607,6.19655,5.428,4.61184,3.75127,2.85151,1.91992,0.965806,0,
0,1.04833,2.08179,3.08681,4.05203,4.96892,5.83187,6.63793,7.38635,8.07814,8.71549,9.30138,9.83923,10.3327,10.7853,11.2005,11.5817,11.9319,12.2538,12.5502,12.8231,13.0748,13.3071,13.5215,13.7198,13.9031,14.0726,14.2295,14.3746,14.5088,14.6329,14.7476,14.8534,14.9509,15.0406,15.1229,15.1983,15.267,15.3293,15.3856,15.4361,15.4809,15.5204,15.5545,15.5836,15.6076,15.6267,15.641,15.6505,15.6552,15.6552,15.6505,15.641,15.6267,15.6076,15.5836,15.5545,15.5204,15.4809,15.4361,15.3856,15.3293,15.267,15.1983,15.1229,15.0406,14.9509,14.8534,14.7476,14.6329,14.5088,14.3746,14.2295,14.0726,13.9031,13.7198,13.5216,13.3071,13.0748,12.8231,12.5502,12.2539,11.9319,11.5817,11.2005,10.7853,10.3327,9.83923,9.30138,8.71549,8.07814,7.38635,6.63793,5.83187,4.96892,4.05203,3.08681,2.08179,1.04833,0,
0,1.14571,2.27212,3.36189,4.40111,5.37995,6.29265,7.13692,7.91328,8.62414,9.27322,9.8649,10.4039,10.8948,11.3422,11.7502,12.1228,12.4635,12.7753,13.0612,13.3236,13.5648,13.7867,13.9911,14.1796,14.3535,14.5141,14.6624,14.7993,14.9259,15.0427,15.1505,15.2499,15.3414,15.4255,15.5026,15.5731,15.6373,15.6956,15.7482,15.7954,15.8373,15.8741,15.906,15.933,15.9555,15.9733,15.9866,15.9954,15.9998,15.9998,15.9954,15.9866,15.9733,15.9555,15.933,15.906,15.8741,15.8373,15.7954,15.7482,15.6956,15.6373,15.5731,15.5026,15.4255,15.3414,15.2499,15.1505,15.0427,14.9259,14.7993,14.6624,14.5141,14.3535,14.1796,13.9911,13.7867,13.5648,13.3236,13.0612,12.7753,12.4635,12.1228,11.7502,11.3422,10.8948,10.4039,9.8649,9.27322,8.62414,7.91328,7.13693,6.29265,5.37995,4.40111,3.36189,2.27212,1.14571,0,
0,1.2624,2.49908,3.68752,4.81057,5.85713,6.82183,7.70385,8.50568,9.23193,9.88834,10.4811,11.0165,11.5005,11.9385,12.3355,12.6959,13.0239,13.3228,13.5957,13.8453,14.074,14.2839,14.4767,14.6541,14.8174,14.9678,15.1066,15.2346,15.3526,15.4615,15.5618,15.6542,15.7392,15.8173,15.8888,15.9542,16.0137,16.0677,16.1164,16.16,16.1987,16.2327,16.2622,16.2872,16.3079,16.3243,16.3366,16.3448,16.3489,16.3489,16.3448,16.3366,16.3243,16.3079,16.2872,16.2622,16.2327,16.1987,16.16,16.1164,16.0677,16.0137,15.9542,15.8888,15.8173,15.7392,15.6542,15.5618,15.4615,15.3526,15.2346,15.1066,14.9678,14.8174,14.6541,14.4767,14.2839,14.074,13.8453,13.5957,13.3228,13.0239,12.6959,12.3355,11.9385,11.5005,11.0165,10.4811,9.88834,9.23193,8.50568,7.70385,6.82183,5.85713,4.81057,3.68752,2.49908,1.2624,0,
0,1.4048,2.77427,4.07856,5.2965,6.41618,7.4337,8.35097,9.17368,9.90955,10.5671,11.1548,11.6807,12.1521,12.5757,12.9572,13.3016,13.6134,13.8962,14.1535,14.388,14.6021,14.7981,14.9777,15.1425,15.294,15.4333,15.5616,15.6797,15.7886,15.8888,15.9811,16.066,16.144,16.2157,16.2812,16.3411,16.3956,16.445,16.4895,16.5294,16.5648,16.5959,16.6228,16.6456,16.6645,16.6796,16.6908,16.6982,16.702,16.702,16.6982,16.6908,16.6796,16.6645,16.6456,16.6228,16.5959,16.5648,16.5294,16.4895,16.445,16.3956,16.3411,16.2812,16.2157,16.144,16.066,15.9811,15.8888,15.7886,15.6797,15.5616,15.4333,15.294,15.1425,14.9777,14.7981,14.6021,14.388,14.1535,13.8962,13.6134,13.3016,12.9572,12.5757,12.1521,11.6807,11.1548,10.5671,9.90955,9.17368,8.35097,7.4337,6.41618,5.2965,4.07856,2.77427,1.4048,0,
0,1.58251,3.11466,4.55596,5.88067,7.07741,8.1458,9.09264,9.92853,10.6655,11.3156,11.8902,12.3992,12.8516,13.255,13.6159,13.9399,14.2317,14.4953,14.734,14.9509,15.1484,15.3287,15.4934,15.6444,15.7828,15.9099,16.0267,16.1342,16.2331,16.324,16.4077,16.4846,16.5553,16.6201,16.6793,16.7334,16.7826,16.8272,16.8674,16.9033,16.9352,16.9632,16.9875,17.0081,17.0251,17.0386,17.0487,17.0554,17.0588,17.0588,17.0554,17.0487,17.0386,17.0251,17.0081,16.9875,16.9632,16.9352,16.9033,16.8674,16.8272,16.7826,16.7334,16.6793,16.6201,16.5553,16.4847,16.4077,16.3241,16.2331,16.1342,16.0268,15.9099,15.7828,15.6444,15.4934,15.3287,15.1484,14.9509,14.734,14.4953,14.2317,13.9399,13.6159,13.255,12.8516,12.3992,11.8902,11.3156,10.6655,9.92853,9.09264,8.1458,7.07741,5.88067,4.55596,3.11466,1.58251,0,
0,1.8106,3.54589,5.14994,6.59284,7.86696,8.97946,9.94528,10.7823,11.5083,12.1398,12.6911,13.1744,13.6002,13.9769,14.3117,14.6105,14.8782,15.1191,15.3365,15.5333,15.712,15.8747,16.0231,16.1587,16.2829,16.3968,16.5013,16.5973,16.6855,16.7666,16.8411,16.9096,16.9724,17.03,17.0826,17.1306,17.1743,17.2138,17.2494,17.2813,17.3095,17.3344,17.3558,17.3741,17.3891,17.4011,17.41,17.416,17.4189,17.4189,17.416,17.41,17.4011,17.3891,17.3741,17.3558,17.3344,17.3095,17.2813,17.2494,17.2138,17.1743,17.1306,17.0826,17.03,16.9724,16.9096,16.8411,16.7666,16.6855,16.5973,16.5013,16.3968,16.2829,16.1587,16.0231,15.8747,15.712,15.5333,15.3365,15.1191,14.8782,14.6105,14.3117,13.9769,13.6002,13.1745,12.6911,12.1398,11.5083,10.7823,9.94528,8.97946,7.86696,6.59284,5.14994,3.54589,1.8106,0,
0,2.11398,4.10836,5.90507,7.47378,8.81815,9.9598,10.9267,11.747,12.4457,13.0442,13.5599,14.0073,14.3978,14.7406,15.0433,15.312,15.5517,15.7664,15.9595,16.1338,16.2916,16.4349,16.5654,16.6845,16.7933,16.893,16.9843,17.0681,17.1451,17.2157,17.2806,17.3402,17.3948,17.4448,17.4905,17.5322,17.5701,17.6043,17.6352,17.6628,17.6873,17.7088,17.7274,17.7432,17.7562,17.7666,17.7744,17.7795,17.7821,17.7821,17.7795,17.7744,17.7666,17.7562,17.7432,17.7274,17.7088,17.6873,17.6628,17.6352,17.6043,17.5701,17.5322,17.4905,17.4448,17.3948,17.3402,17.2806,17.2157,17.1451,17.0681,16.9843,16.893,16.7933,16.6845,16.5654,16.4349,16.2916,16.1338,15.9595,15.7664,15.5517,15.312,15.0433,14.7406,14.3978,14.0073,13.5599,13.0442,12.4457,11.747,10.9267,9.9598,8.81815,7.47378,5.90507,4.10836,2.11398,0,
0,2.53699,4.86849,6.88819,8.57905,9.97208,11.1148,12.0549,12.8332,13.4833,14.0312,14.4972,14.897,15.2429,15.5444,15.809,16.0427,16.2501,16.4353,16.6013,16.7507,16.8857,17.0081,17.1192,17.2205,17.3129,17.3975,17.4749,17.5458,17.6109,17.6706,17.7254,17.7757,17.8217,17.8639,17.9024,17.9375,17.9694,17.9983,18.0243,18.0475,18.0681,18.0862,18.1018,18.1151,18.1261,18.1348,18.1413,18.1456,18.1477,18.1477,18.1456,18.1413,18.1348,18.1261,18.1151,18.1018,18.0862,18.0681,18.0475,18.0243,17.9983,17.9694,17.9375,17.9024,17.8639,17.8217,17.7757,17.7254,17.6706,17.6109,17.5458,17.4749,17.3975,17.3129,17.2205,17.1192,17.0081,16.8857,16.7507,16.6013,16.4353,16.2501,16.0427,15.809,15.5444,15.2429,14.897,14.4972,14.0312,13.4833,12.8332,12.0549,11.1148,9.97208,8.57905,6.8882,4.86849,2.53699,0,
0,3.16546,5.94043,8.20018,9.98213,11.3763,12.4726,13.3446,14.0478,14.6231,15.1001,15.5006,15.8407,16.1326,16.3852,16.6057,16.7995,16.9709,17.1234,17.2597,17.3821,17.4925,17.5923,17.6829,17.7653,17.8405,17.9091,17.9719,18.0294,18.0821,18.1304,18.1747,18.2154,18.2526,18.2867,18.3178,18.3461,18.3718,18.3951,18.4161,18.4348,18.4514,18.466,18.4786,18.4893,18.4981,18.5051,18.5104,18.5138,18.5156,18.5156,18.5138,18.5104,18.5051,18.4981,18.4893,18.4786,18.466,18.4514,18.4348,18.4161,18.3951,18.3718,18.3461,18.3178,18.2867,18.2526,18.2154,18.1747,18.1304,18.0821,18.0294,17.9719,17.9091,17.8405,17.7653,17.6829,17.5923,17.4925,17.3821,17.2597,17.1234,16.9709,16.7995,16.6057,16.3852,16.1326,15.8407,15.5006,15.1001,14.6231,14.0478,13.3446,12.4726,11.3763,9.98213,8.20018,5.94043,3.16546,0,
0,4.18444,7.52759,9.98995,11.773,13.0783,14.0547,14.8032,15.3904,15.8611,16.2455,16.5644,16.8328,17.0613,17.2581,17.429,17.5786,17.7105,17.8276,17.932,18.0256,18.1098,18.1859,18.2548,18.3174,18.3745,18.4266,18.4742,18.5177,18.5577,18.5942,18.6278,18.6585,18.6866,18.7124,18.7359,18.7573,18.7767,18.7943,18.8101,18.8242,18.8368,18.8477,18.8573,18.8653,18.872,18.8773,18.8812,18.8838,18.8852,18.8852,18.8838,18.8812,18.8773,18.872,18.8653,18.8573,18.8477,18.8368,18.8242,18.8101,18.7943,18.7767,18.7573,18.7359,18.7124,18.6866,18.6585,18.6278,18.5942,18.5577,18.5177,18.4742,18.4266,18.3745,18.3174,18.2548,18.1859,18.1098,18.0256,17.932,17.8276,17.7105,17.5786,17.429,17.2581,17.0613,16.8328,16.5644,16.2455,15.8611,15.3904,14.8032,14.0547,13.0783,11.773,9.98995,7.52759,4.18444,0,
0,6.04471,9.99553,12.459,14.0417,15.1092,15.8648,16.4228,16.8496,17.1855,17.4562,17.6787,17.8646,18.022,18.1568,18.2736,18.3755,18.4651,18.5445,18.6151,18.6784,18.7352,18.7865,18.833,18.8751,18.9135,18.9485,18.9805,19.0098,19.0366,19.0611,19.0836,19.1042,19.1231,19.1403,19.1561,19.1704,19.1834,19.1952,19.2058,19.2153,19.2236,19.231,19.2374,19.2428,19.2472,19.2508,19.2534,19.2552,19.256,19.256,19.2552,19.2534,19.2508,19.2472,19.2428,19.2374,19.231,19.2236,19.2153,19.2058,19.1952,19.1834,19.1704,19.1561,19.1403,19.1231,19.1042,19.0836,19.0611,19.0366,19.0098,18.9805,18.9485,18.9135,18.8751,18.833,18.7865,18.7352,18.6784,18.6151,18.5445,18.4651,18.3755,18.2736,18.1568,18.022,17.8646,17.6787,17.4562,17.1855,16.8496,16.4228,15.8648,15.1092,14.0417,12.459,9.99553,6.04471,0,
0,9.99888,13.9508,15.8089,16.8256,17.4518,17.8726,18.1738,18.3996,18.5751,18.7153,18.8297,18.9249,19.0051,19.0737,19.133,19.1846,19.2299,19.27,19.3057,19.3376,19.3662,19.392,19.4154,19.4366,19.4559,19.4735,19.4896,19.5043,19.5177,19.53,19.5413,19.5517,19.5611,19.5698,19.5777,19.5849,19.5914,19.5973,19.6026,19.6074,19.6116,19.6153,19.6184,19.6211,19.6234,19.6252,19.6265,19.6274,19.6278,19.6278,19.6274,19.6265,19.6252,19.6234,19.6211,19.6184,19.6153,19.6116,19.6074,19.6026,19.5973,19.5914,19.5849,19.5777,19.5698,19.5611,19.5517,19.5413,19.53,19.5177,19.5043,19.4896,19.4735,19.4559,19.4366,19.4154,19.392,19.3662,19.3376,19.3057,19.27,19.2299,19.1846,19.133,19.0737,19.0051,18.9249,18.8297,18.7153,18.5751,18.3996,18.1738,17.8726,17.4518,16.8256,15.8089,13.9508,9.99888,0,
20,20,20,20,20,20,20,20,20,20,20,20,20,20,20,20,20,20,20,20,20,20,20,20,20,20,20,20,20,20,20,20,20,20,20,20,20,20,20,20,20,20,20,20,20,20,20,20,20,20,20,20,20,20,20,20,20,20,20,20,20,20,20,20,20,20,20,20,20,20,20,20,20,20,20,20,20,20,20,20,20,20,20,20,20,20,20,20,20,20,20,20,20,20,20,20,20,20,20,20,
